key,frame_index,latest_session,visible_sessions,path
q,0,1,1,/Users/jimmy2/Downloads/tran_key_frames/frames/q/frame_00_session_01.png
q,1,2,"1,2",/Users/jimmy2/Downloads/tran_key_frames/frames/q/frame_01_session_02.png
q,2,3,"1,2,3",/Users/jimmy2/Downloads/tran_key_frames/frames/q/frame_02_session_03.png
q,3,4,"1,2,3,4",/Users/jimmy2/Downloads/tran_key_frames/frames/q/frame_03_session_04.png
q,4,5,"1,2,3,4,5",/Users/jimmy2/Downloads/tran_key_frames/frames/q/frame_04_session_05.png
q,5,6,"1,2,3,4,5,6",/Users/jimmy2/Downloads/tran_key_frames/frames/q/frame_05_session_06.png
q,6,7,"1,2,3,4,5,6,7",/Users/jimmy2/Downloads/tran_key_frames/frames/q/frame_06_session_07.png
q,7,8,"1,2,3,4,5,6,7,8",/Users/jimmy2/Downloads/tran_key_frames/frames/q/frame_07_session_08.png
q,8,9,"1,2,3,4,5,6,7,8,9",/Users/jimmy2/Downloads/tran_key_frames/frames/q/frame_08_session_09.png
q,9,10,"1,2,3,4,5,6,7,8,9,10",/Users/jimmy2/Downloads/tran_key_frames/frames/q/frame_09_session_10.png
q,10,11,"1,2,3,4,5,6,7,8,9,10,11",/Users/jimmy2/Downloads/tran_key_frames/frames/q/frame_10_session_11.png
q,11,12,"1,2,3,4,5,6,7,8,9,10,11,12",/Users/jimmy2/Downloads/tran_key_frames/frames/q/frame_11_session_12.png
q,12,13,"1,2,3,4,5,6,7,8,9,10,11,12,13",/Users/jimmy2/Downloads/tran_key_frames/frames/q/frame_12_session_13.png
q,13,14,"1,2,3,4,5,6,7,8,9,10,11,12,13,14",/Users/jimmy2/Downloads/tran_key_frames/frames/q/frame_13_session_14.png
q,14,15,"1,2,3,4,5,6,7,8,9,10,11,12,13,14,15",/Users/jimmy2/Downloads/tran_key_frames/frames/q/frame_14_session_15.png
q,15,16,"1,2,3,4,5,6,7,8,9,10,11,12,13,14,15,16",/Users/jimmy2/Downloads/tran_key_frames/frames/q/frame_15_session_16.png
q,16,17,"1,2,3,4,5,6,7,8,9,10,11,12,13,14,15,16,17",/Users/jimmy2/Downloads/tran_key_frames/frames/q/frame_16_session_17.png
q,17,18,"1,2,3,4,5,6,7,8,9,10,11,12,13,14,15,16,17,18",/Users/jimmy2/Downloads/tran_key_frames/frames/q/frame_17_session_18.png
q,18,19,"1,2,3,4,5,6,7,8,9,10,11,12,13,14,15,16,17,18,19",/Users/jimmy2/Downloads/tran_key_frames/frames/q/frame_18_session_19.png
q,19,20,"1,2,3,4,5,6,7,8,9,10,11,12,13,14,15,16,17,18,19,20",/Users/jimmy2/Downloads/tran_key_frames/frames/q/frame_19_session_20.png
q,20,21,"1,2,3,4,5,6,7,8,9,10,11,12,13,14,15,16,17,18,19,20,21",/Users/jimmy2/Downloads/tran_key_frames/frames/q/frame_20_session_21.png
q,21,22,"1,2,3,4,5,6,7,8,9,10,11,12,13,14,15,16,17,18,19,20,21,22",/Users/jimmy2/Downloads/tran_key_frames/frames/q/frame_21_session_22.png
q,22,23,"1,2,3,4,5,6,7,8,9,10,11,12,13,14,15,16,17,18,19,20,21,22,23",/Users/jimmy2/Downloads/tran_key_frames/frames/q/frame_22_session_23.png
q,23,24,"1,2,3,4,5,6,7,8,9,10,11,12,13,14,15,16,17,18,19,20,21,22,23,24",/Users/jimmy2/Downloads/tran_key_frames/frames/q/frame_23_session_24.png
q,24,25,"1,2,3,4,5,6,7,8,9,10,11,12,13,14,15,16,17,18,19,20,21,22,23,24,25",/Users/jimmy2/Downloads/tran_key_frames/frames/q/frame_24_session_25.png
w,0,1,1,/Users/jimmy2/Downloads/tran_key_frames/frames/w/frame_00_session_01.png
w,1,2,"1,2",/Users/jimmy2/Downloads/tran_key_frames/frames/w/frame_01_session_02.png
w,2,3,"1,2,3",/Users/jimmy2/Downloads/tran_key_frames/frames/w/frame_02_session_03.png
w,3,4,"1,2,3,4",/Users/jimmy2/Downloads/tran_key_frames/frames/w/frame_03_session_04.png
w,4,5,"1,2,3,4,5",/Users/jimmy2/Downloads/tran_key_frames/frames/w/frame_04_session_05.png
w,5,6,"1,2,3,4,5,6",/Users/jimmy2/Downloads/tran_key_frames/frames/w/frame_05_session_06.png
w,6,7,"1,2,3,4,5,6,7",/Users/jimmy2/Downloads/tran_key_frames/frames/w/frame_06_session_07.png
w,7,8,"1,2,3,4,5,6,7,8",/Users/jimmy2/Downloads/tran_key_frames/frames/w/frame_07_session_08.png
w,8,9,"1,2,3,4,5,6,7,8,9",/Users/jimmy2/Downloads/tran_key_frames/frames/w/frame_08_session_09.png
w,9,10,"1,2,3,4,5,6,7,8,9,10",/Users/jimmy2/Downloads/tran_key_frames/frames/w/frame_09_session_10.png
w,10,11,"1,2,3,4,5,6,7,8,9,10,11",/Users/jimmy2/Downloads/tran_key_frames/frames/w/frame_10_session_11.png
w,11,12,"1,2,3,4,5,6,7,8,9,10,11,12",/Users/jimmy2/Downloads/tran_key_frames/frames/w/frame_11_session_12.png
w,12,13,"1,2,3,4,5,6,7,8,9,10,11,12,13",/Users/jimmy2/Downloads/tran_key_frames/frames/w/frame_12_session_13.png
w,13,14,"1,2,3,4,5,6,7,8,9,10,11,12,13,14",/Users/jimmy2/Downloads/tran_key_frames/frames/w/frame_13_session_14.png
w,14,15,"1,2,3,4,5,6,7,8,9,10,11,12,13,14,15",/Users/jimmy2/Downloads/tran_key_frames/frames/w/frame_14_session_15.png
w,15,16,"1,2,3,4,5,6,7,8,9,10,11,12,13,14,15,16",/Users/jimmy2/Downloads/tran_key_frames/frames/w/frame_15_session_16.png
w,16,17,"1,2,3,4,5,6,7,8,9,10,11,12,13,14,15,16,17",/Users/jimmy2/Downloads/tran_key_frames/frames/w/frame_16_session_17.png
w,17,18,"1,2,3,4,5,6,7,8,9,10,11,12,13,14,15,16,17,18",/Users/jimmy2/Downloads/tran_key_frames/frames/w/frame_17_session_18.png
w,18,19,"1,2,3,4,5,6,7,8,9,10,11,12,13,14,15,16,17,18,19",/Users/jimmy2/Downloads/tran_key_frames/frames/w/frame_18_session_19.png
w,19,20,"1,2,3,4,5,6,7,8,9,10,11,12,13,14,15,16,17,18,19,20",/Users/jimmy2/Downloads/tran_key_frames/frames/w/frame_19_session_20.png
w,20,21,"1,2,3,4,5,6,7,8,9,10,11,12,13,14,15,16,17,18,19,20,21",/Users/jimmy2/Downloads/tran_key_frames/frames/w/frame_20_session_21.png
w,21,22,"1,2,3,4,5,6,7,8,9,10,11,12,13,14,15,16,17,18,19,20,21,22",/Users/jimmy2/Downloads/tran_key_frames/frames/w/frame_21_session_22.png
w,22,23,"1,2,3,4,5,6,7,8,9,10,11,12,13,14,15,16,17,18,19,20,21,22,23",/Users/jimmy2/Downloads/tran_key_frames/frames/w/frame_22_session_23.png
w,23,24,"1,2,3,4,5,6,7,8,9,10,11,12,13,14,15,16,17,18,19,20,21,22,23,24",/Users/jimmy2/Downloads/tran_key_frames/frames/w/frame_23_session_24.png
w,24,25,"1,2,3,4,5,6,7,8,9,10,11,12,13,14,15,16,17,18,19,20,21,22,23,24,25",/Users/jimmy2/Downloads/tran_key_frames/frames/w/frame_24_session_25.png
e,0,1,1,/Users/jimmy2/Downloads/tran_key_frames/frames/e/frame_00_session_01.png
e,1,2,"1,2",/Users/jimmy2/Downloads/tran_key_frames/frames/e/frame_01_session_02.png
e,2,3,"1,2,3",/Users/jimmy2/Downloads/tran_key_frames/frames/e/frame_02_session_03.png
e,3,4,"1,2,3,4",/Users/jimmy2/Downloads/tran_key_frames/frames/e/frame_03_session_04.png
e,4,5,"1,2,3,4,5",/Users/jimmy2/Downloads/tran_key_frames/frames/e/frame_04_session_05.png
e,5,6,"1,2,3,4,5,6",/Users/jimmy2/Downloads/tran_key_frames/frames/e/frame_05_session_06.png
e,6,7,"1,2,3,4,5,6,7",/Users/jimmy2/Downloads/tran_key_frames/frames/e/frame_06_session_07.png
e,7,8,"1,2,3,4,5,6,7,8",/Users/jimmy2/Downloads/tran_key_frames/frames/e/frame_07_session_08.png
e,8,9,"1,2,3,4,5,6,7,8,9",/Users/jimmy2/Downloads/tran_key_frames/frames/e/frame_08_session_09.png
e,9,10,"1,2,3,4,5,6,7,8,9,10",/Users/jimmy2/Downloads/tran_key_frames/frames/e/frame_09_session_10.png
e,10,11,"1,2,3,4,5,6,7,8,9,10,11",/Users/jimmy2/Downloads/tran_key_frames/frames/e/frame_10_session_11.png
e,11,12,"1,2,3,4,5,6,7,8,9,10,11,12",/Users/jimmy2/Downloads/tran_key_frames/frames/e/frame_11_session_12.png
e,12,13,"1,2,3,4,5,6,7,8,9,10,11,12,13",/Users/jimmy2/Downloads/tran_key_frames/frames/e/frame_12_session_13.png
e,13,14,"1,2,3,4,5,6,7,8,9,10,11,12,13,14",/Users/jimmy2/Downloads/tran_key_frames/frames/e/frame_13_session_14.png
e,14,15,"1,2,3,4,5,6,7,8,9,10,11,12,13,14,15",/Users/jimmy2/Downloads/tran_key_frames/frames/e/frame_14_session_15.png
e,15,16,"1,2,3,4,5,6,7,8,9,10,11,12,13,14,15,16",/Users/jimmy2/Downloads/tran_key_frames/frames/e/frame_15_session_16.png
e,16,17,"1,2,3,4,5,6,7,8,9,10,11,12,13,14,15,16,17",/Users/jimmy2/Downloads/tran_key_frames/frames/e/frame_16_session_17.png
e,17,18,"1,2,3,4,5,6,7,8,9,10,11,12,13,14,15,16,17,18",/Users/jimmy2/Downloads/tran_key_frames/frames/e/frame_17_session_18.png
e,18,19,"1,2,3,4,5,6,7,8,9,10,11,12,13,14,15,16,17,18,19",/Users/jimmy2/Downloads/tran_key_frames/frames/e/frame_18_session_19.png
e,19,20,"1,2,3,4,5,6,7,8,9,10,11,12,13,14,15,16,17,18,19,20",/Users/jimmy2/Downloads/tran_key_frames/frames/e/frame_19_session_20.png
e,20,21,"1,2,3,4,5,6,7,8,9,10,11,12,13,14,15,16,17,18,19,20,21",/Users/jimmy2/Downloads/tran_key_frames/frames/e/frame_20_session_21.png
e,21,22,"1,2,3,4,5,6,7,8,9,10,11,12,13,14,15,16,17,18,19,20,21,22",/Users/jimmy2/Downloads/tran_key_frames/frames/e/frame_21_session_22.png
e,22,23,"1,2,3,4,5,6,7,8,9,10,11,12,13,14,15,16,17,18,19,20,21,22,23",/Users/jimmy2/Downloads/tran_key_frames/frames/e/frame_22_session_23.png
e,23,24,"1,2,3,4,5,6,7,8,9,10,11,12,13,14,15,16,17,18,19,20,21,22,23,24",/Users/jimmy2/Downloads/tran_key_frames/frames/e/frame_23_session_24.png
e,24,25,"1,2,3,4,5,6,7,8,9,10,11,12,13,14,15,16,17,18,19,20,21,22,23,24,25",/Users/jimmy2/Downloads/tran_key_frames/frames/e/frame_24_session_25.png
r,0,1,1,/Users/jimmy2/Downloads/tran_key_frames/frames/r/frame_00_session_01.png
r,1,2,"1,2",/Users/jimmy2/Downloads/tran_key_frames/frames/r/frame_01_session_02.png
r,2,3,"1,2,3",/Users/jimmy2/Downloads/tran_key_frames/frames/r/frame_02_session_03.png
r,3,4,"1,2,3,4",/Users/jimmy2/Downloads/tran_key_frames/frames/r/frame_03_session_04.png
r,4,5,"1,2,3,4,5",/Users/jimmy2/Downloads/tran_key_frames/frames/r/frame_04_session_05.png
r,5,6,"1,2,3,4,5,6",/Users/jimmy2/Downloads/tran_key_frames/frames/r/frame_05_session_06.png
r,6,7,"1,2,3,4,5,6,7",/Users/jimmy2/Downloads/tran_key_frames/frames/r/frame_06_session_07.png
r,7,8,"1,2,3,4,5,6,7,8",/Users/jimmy2/Downloads/tran_key_frames/frames/r/frame_07_session_08.png
r,8,9,"1,2,3,4,5,6,7,8,9",/Users/jimmy2/Downloads/tran_key_frames/frames/r/frame_08_session_09.png
r,9,10,"1,2,3,4,5,6,7,8,9,10",/Users/jimmy2/Downloads/tran_key_frames/frames/r/frame_09_session_10.png
r,10,11,"1,2,3,4,5,6,7,8,9,10,11",/Users/jimmy2/Downloads/tran_key_frames/frames/r/frame_10_session_11.png
r,11,12,"1,2,3,4,5,6,7,8,9,10,11,12",/Users/jimmy2/Downloads/tran_key_frames/frames/r/frame_11_session_12.png
r,12,13,"1,2,3,4,5,6,7,8,9,10,11,12,13",/Users/jimmy2/Downloads/tran_key_frames/frames/r/frame_12_session_13.png
r,13,14,"1,2,3,4,5,6,7,8,9,10,11,12,13,14",/Users/jimmy2/Downloads/tran_key_frames/frames/r/frame_13_session_14.png
r,14,15,"1,2,3,4,5,6,7,8,9,10,11,12,13,14,15",/Users/jimmy2/Downloads/tran_key_frames/frames/r/frame_14_session_15.png
r,15,16,"1,2,3,4,5,6,7,8,9,10,11,12,13,14,15,16",/Users/jimmy2/Downloads/tran_key_frames/frames/r/frame_15_session_16.png
r,16,17,"1,2,3,4,5,6,7,8,9,10,11,12,13,14,15,16,17",/Users/jimmy2/Downloads/tran_key_frames/frames/r/frame_16_session_17.png
r,17,18,"1,2,3,4,5,6,7,8,9,10,11,12,13,14,15,16,17,18",/Users/jimmy2/Downloads/tran_key_frames/frames/r/frame_17_session_18.png
r,18,19,"1,2,3,4,5,6,7,8,9,10,11,12,13,14,15,16,17,18,19",/Users/jimmy2/Downloads/tran_key_frames/frames/r/frame_18_session_19.png
r,19,20,"1,2,3,4,5,6,7,8,9,10,11,12,13,14,15,16,17,18,19,20",/Users/jimmy2/Downloads/tran_key_frames/frames/r/frame_19_session_20.png
r,20,21,"1,2,3,4,5,6,7,8,9,10,11,12,13,14,15,16,17,18,19,20,21",/Users/jimmy2/Downloads/tran_key_frames/frames/r/frame_20_session_21.png
r,21,22,"1,2,3,4,5,6,7,8,9,10,11,12,13,14,15,16,17,18,19,20,21,22",/Users/jimmy2/Downloads/tran_key_frames/frames/r/frame_21_session_22.png
r,22,23,"1,2,3,4,5,6,7,8,9,10,11,12,13,14,15,16,17,18,19,20,21,22,23",/Users/jimmy2/Downloads/tran_key_frames/frames/r/frame_22_session_23.png
r,23,24,"1,2,3,4,5,6,7,8,9,10,11,12,13,14,15,16,17,18,19,20,21,22,23,24",/Users/jimmy2/Downloads/tran_key_frames/frames/r/frame_23_session_24.png
r,24,25,"1,2,3,4,5,6,7,8,9,10,11,12,13,14,15,16,17,18,19,20,21,22,23,24,25",/Users/jimmy2/Downloads/tran_key_frames/frames/r/frame_24_session_25.png
t,0,1,1,/Users/jimmy2/Downloads/tran_key_frames/frames/t/frame_00_session_01.png
t,1,2,"1,2",/Users/jimmy2/Downloads/tran_key_frames/frames/t/frame_01_session_02.png
t,2,3,"1,2,3",/Users/jimmy2/Downloads/tran_key_frames/frames/t/frame_02_session_03.png
t,3,4,"1,2,3,4",/Users/jimmy2/Downloads/tran_key_frames/frames/t/frame_03_session_04.png
t,4,5,"1,2,3,4,5",/Users/jimmy2/Downloads/tran_key_frames/frames/t/frame_04_session_05.png
t,5,6,"1,2,3,4,5,6",/Users/jimmy2/Downloads/tran_key_frames/frames/t/frame_05_session_06.png
t,6,7,"1,2,3,4,5,6,7",/Users/jimmy2/Downloads/tran_key_frames/frames/t/frame_06_session_07.png
t,7,8,"1,2,3,4,5,6,7,8",/Users/jimmy2/Downloads/tran_key_frames/frames/t/frame_07_session_08.png
t,8,9,"1,2,3,4,5,6,7,8,9",/Users/jimmy2/Downloads/tran_key_frames/frames/t/frame_08_session_09.png
t,9,10,"1,2,3,4,5,6,7,8,9,10",/Users/jimmy2/Downloads/tran_key_frames/frames/t/frame_09_session_10.png
t,10,11,"1,2,3,4,5,6,7,8,9,10,11",/Users/jimmy2/Downloads/tran_key_frames/frames/t/frame_10_session_11.png
t,11,12,"1,2,3,4,5,6,7,8,9,10,11,12",/Users/jimmy2/Downloads/tran_key_frames/frames/t/frame_11_session_12.png
t,12,13,"1,2,3,4,5,6,7,8,9,10,11,12,13",/Users/jimmy2/Downloads/tran_key_frames/frames/t/frame_12_session_13.png
t,13,14,"1,2,3,4,5,6,7,8,9,10,11,12,13,14",/Users/jimmy2/Downloads/tran_key_frames/frames/t/frame_13_session_14.png
t,14,15,"1,2,3,4,5,6,7,8,9,10,11,12,13,14,15",/Users/jimmy2/Downloads/tran_key_frames/frames/t/frame_14_session_15.png
t,15,16,"1,2,3,4,5,6,7,8,9,10,11,12,13,14,15,16",/Users/jimmy2/Downloads/tran_key_frames/frames/t/frame_15_session_16.png
t,16,17,"1,2,3,4,5,6,7,8,9,10,11,12,13,14,15,16,17",/Users/jimmy2/Downloads/tran_key_frames/frames/t/frame_16_session_17.png
t,17,18,"1,2,3,4,5,6,7,8,9,10,11,12,13,14,15,16,17,18",/Users/jimmy2/Downloads/tran_key_frames/frames/t/frame_17_session_18.png
t,18,19,"1,2,3,4,5,6,7,8,9,10,11,12,13,14,15,16,17,18,19",/Users/jimmy2/Downloads/tran_key_frames/frames/t/frame_18_session_19.png
t,19,20,"1,2,3,4,5,6,7,8,9,10,11,12,13,14,15,16,17,18,19,20",/Users/jimmy2/Downloads/tran_key_frames/frames/t/frame_19_session_20.png
t,20,21,"1,2,3,4,5,6,7,8,9,10,11,12,13,14,15,16,17,18,19,20,21",/Users/jimmy2/Downloads/tran_key_frames/frames/t/frame_20_session_21.png
t,21,22,"1,2,3,4,5,6,7,8,9,10,11,12,13,14,15,16,17,18,19,20,21,22",/Users/jimmy2/Downloads/tran_key_frames/frames/t/frame_21_session_22.png
t,22,23,"1,2,3,4,5,6,7,8,9,10,11,12,13,14,15,16,17,18,19,20,21,22,23",/Users/jimmy2/Downloads/tran_key_frames/frames/t/frame_22_session_23.png
t,23,24,"1,2,3,4,5,6,7,8,9,10,11,12,13,14,15,16,17,18,19,20,21,22,23,24",/Users/jimmy2/Downloads/tran_key_frames/frames/t/frame_23_session_24.png
t,24,25,"1,2,3,4,5,6,7,8,9,10,11,12,13,14,15,16,17,18,19,20,21,22,23,24,25",/Users/jimmy2/Downloads/tran_key_frames/frames/t/frame_24_session_25.png
y,0,1,1,/Users/jimmy2/Downloads/tran_key_frames/frames/y/frame_00_session_01.png
y,1,2,"1,2",/Users/jimmy2/Downloads/tran_key_frames/frames/y/frame_01_session_02.png
y,2,3,"1,2,3",/Users/jimmy2/Downloads/tran_key_frames/frames/y/frame_02_session_03.png
y,3,4,"1,2,3,4",/Users/jimmy2/Downloads/tran_key_frames/frames/y/frame_03_session_04.png
y,4,5,"1,2,3,4,5",/Users/jimmy2/Downloads/tran_key_frames/frames/y/frame_04_session_05.png
y,5,6,"1,2,3,4,5,6",/Users/jimmy2/Downloads/tran_key_frames/frames/y/frame_05_session_06.png
y,6,7,"1,2,3,4,5,6,7",/Users/jimmy2/Downloads/tran_key_frames/frames/y/frame_06_session_07.png
y,7,8,"1,2,3,4,5,6,7,8",/Users/jimmy2/Downloads/tran_key_frames/frames/y/frame_07_session_08.png
y,8,9,"1,2,3,4,5,6,7,8,9",/Users/jimmy2/Downloads/tran_key_frames/frames/y/frame_08_session_09.png
y,9,10,"1,2,3,4,5,6,7,8,9,10",/Users/jimmy2/Downloads/tran_key_frames/frames/y/frame_09_session_10.png
y,10,11,"1,2,3,4,5,6,7,8,9,10,11",/Users/jimmy2/Downloads/tran_key_frames/frames/y/frame_10_session_11.png
y,11,12,"1,2,3,4,5,6,7,8,9,10,11,12",/Users/jimmy2/Downloads/tran_key_frames/frames/y/frame_11_session_12.png
y,12,13,"1,2,3,4,5,6,7,8,9,10,11,12,13",/Users/jimmy2/Downloads/tran_key_frames/frames/y/frame_12_session_13.png
y,13,14,"1,2,3,4,5,6,7,8,9,10,11,12,13,14",/Users/jimmy2/Downloads/tran_key_frames/frames/y/frame_13_session_14.png
y,14,15,"1,2,3,4,5,6,7,8,9,10,11,12,13,14,15",/Users/jimmy2/Downloads/tran_key_frames/frames/y/frame_14_session_15.png
y,15,16,"1,2,3,4,5,6,7,8,9,10,11,12,13,14,15,16",/Users/jimmy2/Downloads/tran_key_frames/frames/y/frame_15_session_16.png
y,16,17,"1,2,3,4,5,6,7,8,9,10,11,12,13,14,15,16,17",/Users/jimmy2/Downloads/tran_key_frames/frames/y/frame_16_session_17.png
y,17,18,"1,2,3,4,5,6,7,8,9,10,11,12,13,14,15,16,17,18",/Users/jimmy2/Downloads/tran_key_frames/frames/y/frame_17_session_18.png
y,18,19,"1,2,3,4,5,6,7,8,9,10,11,12,13,14,15,16,17,18,19",/Users/jimmy2/Downloads/tran_key_frames/frames/y/frame_18_session_19.png
y,19,20,"1,2,3,4,5,6,7,8,9,10,11,12,13,14,15,16,17,18,19,20",/Users/jimmy2/Downloads/tran_key_frames/frames/y/frame_19_session_20.png
y,20,21,"1,2,3,4,5,6,7,8,9,10,11,12,13,14,15,16,17,18,19,20,21",/Users/jimmy2/Downloads/tran_key_frames/frames/y/frame_20_session_21.png
y,21,22,"1,2,3,4,5,6,7,8,9,10,11,12,13,14,15,16,17,18,19,20,21,22",/Users/jimmy2/Downloads/tran_key_frames/frames/y/frame_21_session_22.png
y,22,23,"1,2,3,4,5,6,7,8,9,10,11,12,13,14,15,16,17,18,19,20,21,22,23",/Users/jimmy2/Downloads/tran_key_frames/frames/y/frame_22_session_23.png
y,23,24,"1,2,3,4,5,6,7,8,9,10,11,12,13,14,15,16,17,18,19,20,21,22,23,24",/Users/jimmy2/Downloads/tran_key_frames/frames/y/frame_23_session_24.png
y,24,25,"1,2,3,4,5,6,7,8,9,10,11,12,13,14,15,16,17,18,19,20,21,22,23,24,25",/Users/jimmy2/Downloads/tran_key_frames/frames/y/frame_24_session_25.png
u,0,1,1,/Users/jimmy2/Downloads/tran_key_frames/frames/u/frame_00_session_01.png
u,1,2,"1,2",/Users/jimmy2/Downloads/tran_key_frames/frames/u/frame_01_session_02.png
u,2,3,"1,2,3",/Users/jimmy2/Downloads/tran_key_frames/frames/u/frame_02_session_03.png
u,3,4,"1,2,3,4",/Users/jimmy2/Downloads/tran_key_frames/frames/u/frame_03_session_04.png
u,4,5,"1,2,3,4,5",/Users/jimmy2/Downloads/tran_key_frames/frames/u/frame_04_session_05.png
u,5,6,"1,2,3,4,5,6",/Users/jimmy2/Downloads/tran_key_frames/frames/u/frame_05_session_06.png
u,6,7,"1,2,3,4,5,6,7",/Users/jimmy2/Downloads/tran_key_frames/frames/u/frame_06_session_07.png
u,7,8,"1,2,3,4,5,6,7,8",/Users/jimmy2/Downloads/tran_key_frames/frames/u/frame_07_session_08.png
u,8,9,"1,2,3,4,5,6,7,8,9",/Users/jimmy2/Downloads/tran_key_frames/frames/u/frame_08_session_09.png
u,9,10,"1,2,3,4,5,6,7,8,9,10",/Users/jimmy2/Downloads/tran_key_frames/frames/u/frame_09_session_10.png
u,10,11,"1,2,3,4,5,6,7,8,9,10,11",/Users/jimmy2/Downloads/tran_key_frames/frames/u/frame_10_session_11.png
u,11,12,"1,2,3,4,5,6,7,8,9,10,11,12",/Users/jimmy2/Downloads/tran_key_frames/frames/u/frame_11_session_12.png
u,12,13,"1,2,3,4,5,6,7,8,9,10,11,12,13",/Users/jimmy2/Downloads/tran_key_frames/frames/u/frame_12_session_13.png
u,13,14,"1,2,3,4,5,6,7,8,9,10,11,12,13,14",/Users/jimmy2/Downloads/tran_key_frames/frames/u/frame_13_session_14.png
u,14,15,"1,2,3,4,5,6,7,8,9,10,11,12,13,14,15",/Users/jimmy2/Downloads/tran_key_frames/frames/u/frame_14_session_15.png
u,15,16,"1,2,3,4,5,6,7,8,9,10,11,12,13,14,15,16",/Users/jimmy2/Downloads/tran_key_frames/frames/u/frame_15_session_16.png
u,16,17,"1,2,3,4,5,6,7,8,9,10,11,12,13,14,15,16,17",/Users/jimmy2/Downloads/tran_key_frames/frames/u/frame_16_session_17.png
u,17,18,"1,2,3,4,5,6,7,8,9,10,11,12,13,14,15,16,17,18",/Users/jimmy2/Downloads/tran_key_frames/frames/u/frame_17_session_18.png
u,18,19,"1,2,3,4,5,6,7,8,9,10,11,12,13,14,15,16,17,18,19",/Users/jimmy2/Downloads/tran_key_frames/frames/u/frame_18_session_19.png
u,19,20,"1,2,3,4,5,6,7,8,9,10,11,12,13,14,15,16,17,18,19,20",/Users/jimmy2/Downloads/tran_key_frames/frames/u/frame_19_session_20.png
u,20,21,"1,2,3,4,5,6,7,8,9,10,11,12,13,14,15,16,17,18,19,20,21",/Users/jimmy2/Downloads/tran_key_frames/frames/u/frame_20_session_21.png
u,21,22,"1,2,3,4,5,6,7,8,9,10,11,12,13,14,15,16,17,18,19,20,21,22",/Users/jimmy2/Downloads/tran_key_frames/frames/u/frame_21_session_22.png
u,22,23,"1,2,3,4,5,6,7,8,9,10,11,12,13,14,15,16,17,18,19,20,21,22,23",/Users/jimmy2/Downloads/tran_key_frames/frames/u/frame_22_session_23.png
u,23,24,"1,2,3,4,5,6,7,8,9,10,11,12,13,14,15,16,17,18,19,20,21,22,23,24",/Users/jimmy2/Downloads/tran_key_frames/frames/u/frame_23_session_24.png
u,24,25,"1,2,3,4,5,6,7,8,9,10,11,12,13,14,15,16,17,18,19,20,21,22,23,24,25",/Users/jimmy2/Downloads/tran_key_frames/frames/u/frame_24_session_25.png
i,0,1,1,/Users/jimmy2/Downloads/tran_key_frames/frames/i/frame_00_session_01.png
i,1,2,"1,2",/Users/jimmy2/Downloads/tran_key_frames/frames/i/frame_01_session_02.png
i,2,3,"1,2,3",/Users/jimmy2/Downloads/tran_key_frames/frames/i/frame_02_session_03.png
i,3,4,"1,2,3,4",/Users/jimmy2/Downloads/tran_key_frames/frames/i/frame_03_session_04.png
i,4,5,"1,2,3,4,5",/Users/jimmy2/Downloads/tran_key_frames/frames/i/frame_04_session_05.png
i,5,6,"1,2,3,4,5,6",/Users/jimmy2/Downloads/tran_key_frames/frames/i/frame_05_session_06.png
i,6,7,"1,2,3,4,5,6,7",/Users/jimmy2/Downloads/tran_key_frames/frames/i/frame_06_session_07.png
i,7,8,"1,2,3,4,5,6,7,8",/Users/jimmy2/Downloads/tran_key_frames/frames/i/frame_07_session_08.png
i,8,9,"1,2,3,4,5,6,7,8,9",/Users/jimmy2/Downloads/tran_key_frames/frames/i/frame_08_session_09.png
i,9,10,"1,2,3,4,5,6,7,8,9,10",/Users/jimmy2/Downloads/tran_key_frames/frames/i/frame_09_session_10.png
i,10,11,"1,2,3,4,5,6,7,8,9,10,11",/Users/jimmy2/Downloads/tran_key_frames/frames/i/frame_10_session_11.png
i,11,12,"1,2,3,4,5,6,7,8,9,10,11,12",/Users/jimmy2/Downloads/tran_key_frames/frames/i/frame_11_session_12.png
i,12,13,"1,2,3,4,5,6,7,8,9,10,11,12,13",/Users/jimmy2/Downloads/tran_key_frames/frames/i/frame_12_session_13.png
i,13,14,"1,2,3,4,5,6,7,8,9,10,11,12,13,14",/Users/jimmy2/Downloads/tran_key_frames/frames/i/frame_13_session_14.png
i,14,15,"1,2,3,4,5,6,7,8,9,10,11,12,13,14,15",/Users/jimmy2/Downloads/tran_key_frames/frames/i/frame_14_session_15.png
i,15,16,"1,2,3,4,5,6,7,8,9,10,11,12,13,14,15,16",/Users/jimmy2/Downloads/tran_key_frames/frames/i/frame_15_session_16.png
i,16,17,"1,2,3,4,5,6,7,8,9,10,11,12,13,14,15,16,17",/Users/jimmy2/Downloads/tran_key_frames/frames/i/frame_16_session_17.png
i,17,18,"1,2,3,4,5,6,7,8,9,10,11,12,13,14,15,16,17,18",/Users/jimmy2/Downloads/tran_key_frames/frames/i/frame_17_session_18.png
i,18,19,"1,2,3,4,5,6,7,8,9,10,11,12,13,14,15,16,17,18,19",/Users/jimmy2/Downloads/tran_key_frames/frames/i/frame_18_session_19.png
i,19,20,"1,2,3,4,5,6,7,8,9,10,11,12,13,14,15,16,17,18,19,20",/Users/jimmy2/Downloads/tran_key_frames/frames/i/frame_19_session_20.png
i,20,21,"1,2,3,4,5,6,7,8,9,10,11,12,13,14,15,16,17,18,19,20,21",/Users/jimmy2/Downloads/tran_key_frames/frames/i/frame_20_session_21.png
i,21,22,"1,2,3,4,5,6,7,8,9,10,11,12,13,14,15,16,17,18,19,20,21,22",/Users/jimmy2/Downloads/tran_key_frames/frames/i/frame_21_session_22.png
i,22,23,"1,2,3,4,5,6,7,8,9,10,11,12,13,14,15,16,17,18,19,20,21,22,23",/Users/jimmy2/Downloads/tran_key_frames/frames/i/frame_22_session_23.png
i,23,24,"1,2,3,4,5,6,7,8,9,10,11,12,13,14,15,16,17,18,19,20,21,22,23,24",/Users/jimmy2/Downloads/tran_key_frames/frames/i/frame_23_session_24.png
i,24,25,"1,2,3,4,5,6,7,8,9,10,11,12,13,14,15,16,17,18,19,20,21,22,23,24,25",/Users/jimmy2/Downloads/tran_key_frames/frames/i/frame_24_session_25.png
o,0,1,1,/Users/jimmy2/Downloads/tran_key_frames/frames/o/frame_00_session_01.png
o,1,2,"1,2",/Users/jimmy2/Downloads/tran_key_frames/frames/o/frame_01_session_02.png
o,2,3,"1,2,3",/Users/jimmy2/Downloads/tran_key_frames/frames/o/frame_02_session_03.png
o,3,4,"1,2,3,4",/Users/jimmy2/Downloads/tran_key_frames/frames/o/frame_03_session_04.png
o,4,5,"1,2,3,4,5",/Users/jimmy2/Downloads/tran_key_frames/frames/o/frame_04_session_05.png
o,5,6,"1,2,3,4,5,6",/Users/jimmy2/Downloads/tran_key_frames/frames/o/frame_05_session_06.png
o,6,7,"1,2,3,4,5,6,7",/Users/jimmy2/Downloads/tran_key_frames/frames/o/frame_06_session_07.png
o,7,8,"1,2,3,4,5,6,7,8",/Users/jimmy2/Downloads/tran_key_frames/frames/o/frame_07_session_08.png
o,8,9,"1,2,3,4,5,6,7,8,9",/Users/jimmy2/Downloads/tran_key_frames/frames/o/frame_08_session_09.png
o,9,10,"1,2,3,4,5,6,7,8,9,10",/Users/jimmy2/Downloads/tran_key_frames/frames/o/frame_09_session_10.png
o,10,11,"1,2,3,4,5,6,7,8,9,10,11",/Users/jimmy2/Downloads/tran_key_frames/frames/o/frame_10_session_11.png
o,11,12,"1,2,3,4,5,6,7,8,9,10,11,12",/Users/jimmy2/Downloads/tran_key_frames/frames/o/frame_11_session_12.png
o,12,13,"1,2,3,4,5,6,7,8,9,10,11,12,13",/Users/jimmy2/Downloads/tran_key_frames/frames/o/frame_12_session_13.png
o,13,14,"1,2,3,4,5,6,7,8,9,10,11,12,13,14",/Users/jimmy2/Downloads/tran_key_frames/frames/o/frame_13_session_14.png
o,14,15,"1,2,3,4,5,6,7,8,9,10,11,12,13,14,15",/Users/jimmy2/Downloads/tran_key_frames/frames/o/frame_14_session_15.png
o,15,16,"1,2,3,4,5,6,7,8,9,10,11,12,13,14,15,16",/Users/jimmy2/Downloads/tran_key_frames/frames/o/frame_15_session_16.png
o,16,17,"1,2,3,4,5,6,7,8,9,10,11,12,13,14,15,16,17",/Users/jimmy2/Downloads/tran_key_frames/frames/o/frame_16_session_17.png
o,17,18,"1,2,3,4,5,6,7,8,9,10,11,12,13,14,15,16,17,18",/Users/jimmy2/Downloads/tran_key_frames/frames/o/frame_17_session_18.png
o,18,19,"1,2,3,4,5,6,7,8,9,10,11,12,13,14,15,16,17,18,19",/Users/jimmy2/Downloads/tran_key_frames/frames/o/frame_18_session_19.png
o,19,20,"1,2,3,4,5,6,7,8,9,10,11,12,13,14,15,16,17,18,19,20",/Users/jimmy2/Downloads/tran_key_frames/frames/o/frame_19_session_20.png
o,20,21,"1,2,3,4,5,6,7,8,9,10,11,12,13,14,15,16,17,18,19,20,21",/Users/jimmy2/Downloads/tran_key_frames/frames/o/frame_20_session_21.png
o,21,22,"1,2,3,4,5,6,7,8,9,10,11,12,13,14,15,16,17,18,19,20,21,22",/Users/jimmy2/Downloads/tran_key_frames/frames/o/frame_21_session_22.png
o,22,23,"1,2,3,4,5,6,7,8,9,10,11,12,13,14,15,16,17,18,19,20,21,22,23",/Users/jimmy2/Downloads/tran_key_frames/frames/o/frame_22_session_23.png
o,23,24,"1,2,3,4,5,6,7,8,9,10,11,12,13,14,15,16,17,18,19,20,21,22,23,24",/Users/jimmy2/Downloads/tran_key_frames/frames/o/frame_23_session_24.png
o,24,25,"1,2,3,4,5,6,7,8,9,10,11,12,13,14,15,16,17,18,19,20,21,22,23,24,25",/Users/jimmy2/Downloads/tran_key_frames/frames/o/frame_24_session_25.png
p,0,1,1,/Users/jimmy2/Downloads/tran_key_frames/frames/p/frame_00_session_01.png
p,1,2,"1,2",/Users/jimmy2/Downloads/tran_key_frames/frames/p/frame_01_session_02.png
p,2,3,"1,2,3",/Users/jimmy2/Downloads/tran_key_frames/frames/p/frame_02_session_03.png
p,3,4,"1,2,3,4",/Users/jimmy2/Downloads/tran_key_frames/frames/p/frame_03_session_04.png
p,4,5,"1,2,3,4,5",/Users/jimmy2/Downloads/tran_key_frames/frames/p/frame_04_session_05.png
p,5,6,"1,2,3,4,5,6",/Users/jimmy2/Downloads/tran_key_frames/frames/p/frame_05_session_06.png
p,6,7,"1,2,3,4,5,6,7",/Users/jimmy2/Downloads/tran_key_frames/frames/p/frame_06_session_07.png
p,7,8,"1,2,3,4,5,6,7,8",/Users/jimmy2/Downloads/tran_key_frames/frames/p/frame_07_session_08.png
p,8,9,"1,2,3,4,5,6,7,8,9",/Users/jimmy2/Downloads/tran_key_frames/frames/p/frame_08_session_09.png
p,9,10,"1,2,3,4,5,6,7,8,9,10",/Users/jimmy2/Downloads/tran_key_frames/frames/p/frame_09_session_10.png
p,10,11,"1,2,3,4,5,6,7,8,9,10,11",/Users/jimmy2/Downloads/tran_key_frames/frames/p/frame_10_session_11.png
p,11,12,"1,2,3,4,5,6,7,8,9,10,11,12",/Users/jimmy2/Downloads/tran_key_frames/frames/p/frame_11_session_12.png
p,12,13,"1,2,3,4,5,6,7,8,9,10,11,12,13",/Users/jimmy2/Downloads/tran_key_frames/frames/p/frame_12_session_13.png
p,13,14,"1,2,3,4,5,6,7,8,9,10,11,12,13,14",/Users/jimmy2/Downloads/tran_key_frames/frames/p/frame_13_session_14.png
p,14,15,"1,2,3,4,5,6,7,8,9,10,11,12,13,14,15",/Users/jimmy2/Downloads/tran_key_frames/frames/p/frame_14_session_15.png
p,15,16,"1,2,3,4,5,6,7,8,9,10,11,12,13,14,15,16",/Users/jimmy2/Downloads/tran_key_frames/frames/p/frame_15_session_16.png
p,16,17,"1,2,3,4,5,6,7,8,9,10,11,12,13,14,15,16,17",/Users/jimmy2/Downloads/tran_key_frames/frames/p/frame_16_session_17.png
p,17,18,"1,2,3,4,5,6,7,8,9,10,11,12,13,14,15,16,17,18",/Users/jimmy2/Downloads/tran_key_frames/frames/p/frame_17_session_18.png
p,18,19,"1,2,3,4,5,6,7,8,9,10,11,12,13,14,15,16,17,18,19",/Users/jimmy2/Downloads/tran_key_frames/frames/p/frame_18_session_19.png
p,19,20,"1,2,3,4,5,6,7,8,9,10,11,12,13,14,15,16,17,18,19,20",/Users/jimmy2/Downloads/tran_key_frames/frames/p/frame_19_session_20.png
p,20,21,"1,2,3,4,5,6,7,8,9,10,11,12,13,14,15,16,17,18,19,20,21",/Users/jimmy2/Downloads/tran_key_frames/frames/p/frame_20_session_21.png
p,21,22,"1,2,3,4,5,6,7,8,9,10,11,12,13,14,15,16,17,18,19,20,21,22",/Users/jimmy2/Downloads/tran_key_frames/frames/p/frame_21_session_22.png
p,22,23,"1,2,3,4,5,6,7,8,9,10,11,12,13,14,15,16,17,18,19,20,21,22,23",/Users/jimmy2/Downloads/tran_key_frames/frames/p/frame_22_session_23.png
p,23,24,"1,2,3,4,5,6,7,8,9,10,11,12,13,14,15,16,17,18,19,20,21,22,23,24",/Users/jimmy2/Downloads/tran_key_frames/frames/p/frame_23_session_24.png
p,24,25,"1,2,3,4,5,6,7,8,9,10,11,12,13,14,15,16,17,18,19,20,21,22,23,24,25",/Users/jimmy2/Downloads/tran_key_frames/frames/p/frame_24_session_25.png
a,0,1,1,/Users/jimmy2/Downloads/tran_key_frames/frames/a/frame_00_session_01.png
a,1,2,"1,2",/Users/jimmy2/Downloads/tran_key_frames/frames/a/frame_01_session_02.png
a,2,3,"1,2,3",/Users/jimmy2/Downloads/tran_key_frames/frames/a/frame_02_session_03.png
a,3,4,"1,2,3,4",/Users/jimmy2/Downloads/tran_key_frames/frames/a/frame_03_session_04.png
a,4,5,"1,2,3,4,5",/Users/jimmy2/Downloads/tran_key_frames/frames/a/frame_04_session_05.png
a,5,6,"1,2,3,4,5,6",/Users/jimmy2/Downloads/tran_key_frames/frames/a/frame_05_session_06.png
a,6,7,"1,2,3,4,5,6,7",/Users/jimmy2/Downloads/tran_key_frames/frames/a/frame_06_session_07.png
a,7,8,"1,2,3,4,5,6,7,8",/Users/jimmy2/Downloads/tran_key_frames/frames/a/frame_07_session_08.png
a,8,9,"1,2,3,4,5,6,7,8,9",/Users/jimmy2/Downloads/tran_key_frames/frames/a/frame_08_session_09.png
a,9,10,"1,2,3,4,5,6,7,8,9,10",/Users/jimmy2/Downloads/tran_key_frames/frames/a/frame_09_session_10.png
a,10,11,"1,2,3,4,5,6,7,8,9,10,11",/Users/jimmy2/Downloads/tran_key_frames/frames/a/frame_10_session_11.png
a,11,12,"1,2,3,4,5,6,7,8,9,10,11,12",/Users/jimmy2/Downloads/tran_key_frames/frames/a/frame_11_session_12.png
a,12,13,"1,2,3,4,5,6,7,8,9,10,11,12,13",/Users/jimmy2/Downloads/tran_key_frames/frames/a/frame_12_session_13.png
a,13,14,"1,2,3,4,5,6,7,8,9,10,11,12,13,14",/Users/jimmy2/Downloads/tran_key_frames/frames/a/frame_13_session_14.png
a,14,15,"1,2,3,4,5,6,7,8,9,10,11,12,13,14,15",/Users/jimmy2/Downloads/tran_key_frames/frames/a/frame_14_session_15.png
a,15,16,"1,2,3,4,5,6,7,8,9,10,11,12,13,14,15,16",/Users/jimmy2/Downloads/tran_key_frames/frames/a/frame_15_session_16.png
a,16,17,"1,2,3,4,5,6,7,8,9,10,11,12,13,14,15,16,17",/Users/jimmy2/Downloads/tran_key_frames/frames/a/frame_16_session_17.png
a,17,18,"1,2,3,4,5,6,7,8,9,10,11,12,13,14,15,16,17,18",/Users/jimmy2/Downloads/tran_key_frames/frames/a/frame_17_session_18.png
a,18,19,"1,2,3,4,5,6,7,8,9,10,11,12,13,14,15,16,17,18,19",/Users/jimmy2/Downloads/tran_key_frames/frames/a/frame_18_session_19.png
a,19,20,"1,2,3,4,5,6,7,8,9,10,11,12,13,14,15,16,17,18,19,20",/Users/jimmy2/Downloads/tran_key_frames/frames/a/frame_19_session_20.png
a,20,21,"1,2,3,4,5,6,7,8,9,10,11,12,13,14,15,16,17,18,19,20,21",/Users/jimmy2/Downloads/tran_key_frames/frames/a/frame_20_session_21.png
a,21,22,"1,2,3,4,5,6,7,8,9,10,11,12,13,14,15,16,17,18,19,20,21,22",/Users/jimmy2/Downloads/tran_key_frames/frames/a/frame_21_session_22.png
a,22,23,"1,2,3,4,5,6,7,8,9,10,11,12,13,14,15,16,17,18,19,20,21,22,23",/Users/jimmy2/Downloads/tran_key_frames/frames/a/frame_22_session_23.png
a,23,24,"1,2,3,4,5,6,7,8,9,10,11,12,13,14,15,16,17,18,19,20,21,22,23,24",/Users/jimmy2/Downloads/tran_key_frames/frames/a/frame_23_session_24.png
a,24,25,"1,2,3,4,5,6,7,8,9,10,11,12,13,14,15,16,17,18,19,20,21,22,23,24,25",/Users/jimmy2/Downloads/tran_key_frames/frames/a/frame_24_session_25.png
s,0,1,1,/Users/jimmy2/Downloads/tran_key_frames/frames/s/frame_00_session_01.png
s,1,2,"1,2",/Users/jimmy2/Downloads/tran_key_frames/frames/s/frame_01_session_02.png
s,2,3,"1,2,3",/Users/jimmy2/Downloads/tran_key_frames/frames/s/frame_02_session_03.png
s,3,4,"1,2,3,4",/Users/jimmy2/Downloads/tran_key_frames/frames/s/frame_03_session_04.png
s,4,5,"1,2,3,4,5",/Users/jimmy2/Downloads/tran_key_frames/frames/s/frame_04_session_05.png
s,5,6,"1,2,3,4,5,6",/Users/jimmy2/Downloads/tran_key_frames/frames/s/frame_05_session_06.png
s,6,7,"1,2,3,4,5,6,7",/Users/jimmy2/Downloads/tran_key_frames/frames/s/frame_06_session_07.png
s,7,8,"1,2,3,4,5,6,7,8",/Users/jimmy2/Downloads/tran_key_frames/frames/s/frame_07_session_08.png
s,8,9,"1,2,3,4,5,6,7,8,9",/Users/jimmy2/Downloads/tran_key_frames/frames/s/frame_08_session_09.png
s,9,10,"1,2,3,4,5,6,7,8,9,10",/Users/jimmy2/Downloads/tran_key_frames/frames/s/frame_09_session_10.png
s,10,11,"1,2,3,4,5,6,7,8,9,10,11",/Users/jimmy2/Downloads/tran_key_frames/frames/s/frame_10_session_11.png
s,11,12,"1,2,3,4,5,6,7,8,9,10,11,12",/Users/jimmy2/Downloads/tran_key_frames/frames/s/frame_11_session_12.png
s,12,13,"1,2,3,4,5,6,7,8,9,10,11,12,13",/Users/jimmy2/Downloads/tran_key_frames/frames/s/frame_12_session_13.png
s,13,14,"1,2,3,4,5,6,7,8,9,10,11,12,13,14",/Users/jimmy2/Downloads/tran_key_frames/frames/s/frame_13_session_14.png
s,14,15,"1,2,3,4,5,6,7,8,9,10,11,12,13,14,15",/Users/jimmy2/Downloads/tran_key_frames/frames/s/frame_14_session_15.png
s,15,16,"1,2,3,4,5,6,7,8,9,10,11,12,13,14,15,16",/Users/jimmy2/Downloads/tran_key_frames/frames/s/frame_15_session_16.png
s,16,17,"1,2,3,4,5,6,7,8,9,10,11,12,13,14,15,16,17",/Users/jimmy2/Downloads/tran_key_frames/frames/s/frame_16_session_17.png
s,17,18,"1,2,3,4,5,6,7,8,9,10,11,12,13,14,15,16,17,18",/Users/jimmy2/Downloads/tran_key_frames/frames/s/frame_17_session_18.png
s,18,19,"1,2,3,4,5,6,7,8,9,10,11,12,13,14,15,16,17,18,19",/Users/jimmy2/Downloads/tran_key_frames/frames/s/frame_18_session_19.png
s,19,20,"1,2,3,4,5,6,7,8,9,10,11,12,13,14,15,16,17,18,19,20",/Users/jimmy2/Downloads/tran_key_frames/frames/s/frame_19_session_20.png
s,20,21,"1,2,3,4,5,6,7,8,9,10,11,12,13,14,15,16,17,18,19,20,21",/Users/jimmy2/Downloads/tran_key_frames/frames/s/frame_20_session_21.png
s,21,22,"1,2,3,4,5,6,7,8,9,10,11,12,13,14,15,16,17,18,19,20,21,22",/Users/jimmy2/Downloads/tran_key_frames/frames/s/frame_21_session_22.png
s,22,23,"1,2,3,4,5,6,7,8,9,10,11,12,13,14,15,16,17,18,19,20,21,22,23",/Users/jimmy2/Downloads/tran_key_frames/frames/s/frame_22_session_23.png
s,23,24,"1,2,3,4,5,6,7,8,9,10,11,12,13,14,15,16,17,18,19,20,21,22,23,24",/Users/jimmy2/Downloads/tran_key_frames/frames/s/frame_23_session_24.png
s,24,25,"1,2,3,4,5,6,7,8,9,10,11,12,13,14,15,16,17,18,19,20,21,22,23,24,25",/Users/jimmy2/Downloads/tran_key_frames/frames/s/frame_24_session_25.png
d,0,1,1,/Users/jimmy2/Downloads/tran_key_frames/frames/d/frame_00_session_01.png
d,1,2,"1,2",/Users/jimmy2/Downloads/tran_key_frames/frames/d/frame_01_session_02.png
d,2,3,"1,2,3",/Users/jimmy2/Downloads/tran_key_frames/frames/d/frame_02_session_03.png
d,3,4,"1,2,3,4",/Users/jimmy2/Downloads/tran_key_frames/frames/d/frame_03_session_04.png
d,4,5,"1,2,3,4,5",/Users/jimmy2/Downloads/tran_key_frames/frames/d/frame_04_session_05.png
d,5,6,"1,2,3,4,5,6",/Users/jimmy2/Downloads/tran_key_frames/frames/d/frame_05_session_06.png
d,6,7,"1,2,3,4,5,6,7",/Users/jimmy2/Downloads/tran_key_frames/frames/d/frame_06_session_07.png
d,7,8,"1,2,3,4,5,6,7,8",/Users/jimmy2/Downloads/tran_key_frames/frames/d/frame_07_session_08.png
d,8,9,"1,2,3,4,5,6,7,8,9",/Users/jimmy2/Downloads/tran_key_frames/frames/d/frame_08_session_09.png
d,9,10,"1,2,3,4,5,6,7,8,9,10",/Users/jimmy2/Downloads/tran_key_frames/frames/d/frame_09_session_10.png
d,10,11,"1,2,3,4,5,6,7,8,9,10,11",/Users/jimmy2/Downloads/tran_key_frames/frames/d/frame_10_session_11.png
d,11,12,"1,2,3,4,5,6,7,8,9,10,11,12",/Users/jimmy2/Downloads/tran_key_frames/frames/d/frame_11_session_12.png
d,12,13,"1,2,3,4,5,6,7,8,9,10,11,12,13",/Users/jimmy2/Downloads/tran_key_frames/frames/d/frame_12_session_13.png
d,13,14,"1,2,3,4,5,6,7,8,9,10,11,12,13,14",/Users/jimmy2/Downloads/tran_key_frames/frames/d/frame_13_session_14.png
d,14,15,"1,2,3,4,5,6,7,8,9,10,11,12,13,14,15",/Users/jimmy2/Downloads/tran_key_frames/frames/d/frame_14_session_15.png
d,15,16,"1,2,3,4,5,6,7,8,9,10,11,12,13,14,15,16",/Users/jimmy2/Downloads/tran_key_frames/frames/d/frame_15_session_16.png
d,16,17,"1,2,3,4,5,6,7,8,9,10,11,12,13,14,15,16,17",/Users/jimmy2/Downloads/tran_key_frames/frames/d/frame_16_session_17.png
d,17,18,"1,2,3,4,5,6,7,8,9,10,11,12,13,14,15,16,17,18",/Users/jimmy2/Downloads/tran_key_frames/frames/d/frame_17_session_18.png
d,18,19,"1,2,3,4,5,6,7,8,9,10,11,12,13,14,15,16,17,18,19",/Users/jimmy2/Downloads/tran_key_frames/frames/d/frame_18_session_19.png
d,19,20,"1,2,3,4,5,6,7,8,9,10,11,12,13,14,15,16,17,18,19,20",/Users/jimmy2/Downloads/tran_key_frames/frames/d/frame_19_session_20.png
d,20,21,"1,2,3,4,5,6,7,8,9,10,11,12,13,14,15,16,17,18,19,20,21",/Users/jimmy2/Downloads/tran_key_frames/frames/d/frame_20_session_21.png
d,21,22,"1,2,3,4,5,6,7,8,9,10,11,12,13,14,15,16,17,18,19,20,21,22",/Users/jimmy2/Downloads/tran_key_frames/frames/d/frame_21_session_22.png
d,22,23,"1,2,3,4,5,6,7,8,9,10,11,12,13,14,15,16,17,18,19,20,21,22,23",/Users/jimmy2/Downloads/tran_key_frames/frames/d/frame_22_session_23.png
d,23,24,"1,2,3,4,5,6,7,8,9,10,11,12,13,14,15,16,17,18,19,20,21,22,23,24",/Users/jimmy2/Downloads/tran_key_frames/frames/d/frame_23_session_24.png
d,24,25,"1,2,3,4,5,6,7,8,9,10,11,12,13,14,15,16,17,18,19,20,21,22,23,24,25",/Users/jimmy2/Downloads/tran_key_frames/frames/d/frame_24_session_25.png
f,0,1,1,/Users/jimmy2/Downloads/tran_key_frames/frames/f/frame_00_session_01.png
f,1,2,"1,2",/Users/jimmy2/Downloads/tran_key_frames/frames/f/frame_01_session_02.png
f,2,3,"1,2,3",/Users/jimmy2/Downloads/tran_key_frames/frames/f/frame_02_session_03.png
f,3,4,"1,2,3,4",/Users/jimmy2/Downloads/tran_key_frames/frames/f/frame_03_session_04.png
f,4,5,"1,2,3,4,5",/Users/jimmy2/Downloads/tran_key_frames/frames/f/frame_04_session_05.png
f,5,6,"1,2,3,4,5,6",/Users/jimmy2/Downloads/tran_key_frames/frames/f/frame_05_session_06.png
f,6,7,"1,2,3,4,5,6,7",/Users/jimmy2/Downloads/tran_key_frames/frames/f/frame_06_session_07.png
f,7,8,"1,2,3,4,5,6,7,8",/Users/jimmy2/Downloads/tran_key_frames/frames/f/frame_07_session_08.png
f,8,9,"1,2,3,4,5,6,7,8,9",/Users/jimmy2/Downloads/tran_key_frames/frames/f/frame_08_session_09.png
f,9,10,"1,2,3,4,5,6,7,8,9,10",/Users/jimmy2/Downloads/tran_key_frames/frames/f/frame_09_session_10.png
f,10,11,"1,2,3,4,5,6,7,8,9,10,11",/Users/jimmy2/Downloads/tran_key_frames/frames/f/frame_10_session_11.png
f,11,12,"1,2,3,4,5,6,7,8,9,10,11,12",/Users/jimmy2/Downloads/tran_key_frames/frames/f/frame_11_session_12.png
f,12,13,"1,2,3,4,5,6,7,8,9,10,11,12,13",/Users/jimmy2/Downloads/tran_key_frames/frames/f/frame_12_session_13.png
f,13,14,"1,2,3,4,5,6,7,8,9,10,11,12,13,14",/Users/jimmy2/Downloads/tran_key_frames/frames/f/frame_13_session_14.png
f,14,15,"1,2,3,4,5,6,7,8,9,10,11,12,13,14,15",/Users/jimmy2/Downloads/tran_key_frames/frames/f/frame_14_session_15.png
f,15,16,"1,2,3,4,5,6,7,8,9,10,11,12,13,14,15,16",/Users/jimmy2/Downloads/tran_key_frames/frames/f/frame_15_session_16.png
f,16,17,"1,2,3,4,5,6,7,8,9,10,11,12,13,14,15,16,17",/Users/jimmy2/Downloads/tran_key_frames/frames/f/frame_16_session_17.png
f,17,18,"1,2,3,4,5,6,7,8,9,10,11,12,13,14,15,16,17,18",/Users/jimmy2/Downloads/tran_key_frames/frames/f/frame_17_session_18.png
f,18,19,"1,2,3,4,5,6,7,8,9,10,11,12,13,14,15,16,17,18,19",/Users/jimmy2/Downloads/tran_key_frames/frames/f/frame_18_session_19.png
f,19,20,"1,2,3,4,5,6,7,8,9,10,11,12,13,14,15,16,17,18,19,20",/Users/jimmy2/Downloads/tran_key_frames/frames/f/frame_19_session_20.png
f,20,21,"1,2,3,4,5,6,7,8,9,10,11,12,13,14,15,16,17,18,19,20,21",/Users/jimmy2/Downloads/tran_key_frames/frames/f/frame_20_session_21.png
f,21,22,"1,2,3,4,5,6,7,8,9,10,11,12,13,14,15,16,17,18,19,20,21,22",/Users/jimmy2/Downloads/tran_key_frames/frames/f/frame_21_session_22.png
f,22,23,"1,2,3,4,5,6,7,8,9,10,11,12,13,14,15,16,17,18,19,20,21,22,23",/Users/jimmy2/Downloads/tran_key_frames/frames/f/frame_22_session_23.png
f,23,24,"1,2,3,4,5,6,7,8,9,10,11,12,13,14,15,16,17,18,19,20,21,22,23,24",/Users/jimmy2/Downloads/tran_key_frames/frames/f/frame_23_session_24.png
f,24,25,"1,2,3,4,5,6,7,8,9,10,11,12,13,14,15,16,17,18,19,20,21,22,23,24,25",/Users/jimmy2/Downloads/tran_key_frames/frames/f/frame_24_session_25.png
g,0,1,1,/Users/jimmy2/Downloads/tran_key_frames/frames/g/frame_00_session_01.png
g,1,2,"1,2",/Users/jimmy2/Downloads/tran_key_frames/frames/g/frame_01_session_02.png
g,2,3,"1,2,3",/Users/jimmy2/Downloads/tran_key_frames/frames/g/frame_02_session_03.png
g,3,4,"1,2,3,4",/Users/jimmy2/Downloads/tran_key_frames/frames/g/frame_03_session_04.png
g,4,5,"1,2,3,4,5",/Users/jimmy2/Downloads/tran_key_frames/frames/g/frame_04_session_05.png
g,5,6,"1,2,3,4,5,6",/Users/jimmy2/Downloads/tran_key_frames/frames/g/frame_05_session_06.png
g,6,7,"1,2,3,4,5,6,7",/Users/jimmy2/Downloads/tran_key_frames/frames/g/frame_06_session_07.png
g,7,8,"1,2,3,4,5,6,7,8",/Users/jimmy2/Downloads/tran_key_frames/frames/g/frame_07_session_08.png
g,8,9,"1,2,3,4,5,6,7,8,9",/Users/jimmy2/Downloads/tran_key_frames/frames/g/frame_08_session_09.png
g,9,10,"1,2,3,4,5,6,7,8,9,10",/Users/jimmy2/Downloads/tran_key_frames/frames/g/frame_09_session_10.png
g,10,11,"1,2,3,4,5,6,7,8,9,10,11",/Users/jimmy2/Downloads/tran_key_frames/frames/g/frame_10_session_11.png
g,11,12,"1,2,3,4,5,6,7,8,9,10,11,12",/Users/jimmy2/Downloads/tran_key_frames/frames/g/frame_11_session_12.png
g,12,13,"1,2,3,4,5,6,7,8,9,10,11,12,13",/Users/jimmy2/Downloads/tran_key_frames/frames/g/frame_12_session_13.png
g,13,14,"1,2,3,4,5,6,7,8,9,10,11,12,13,14",/Users/jimmy2/Downloads/tran_key_frames/frames/g/frame_13_session_14.png
g,14,15,"1,2,3,4,5,6,7,8,9,10,11,12,13,14,15",/Users/jimmy2/Downloads/tran_key_frames/frames/g/frame_14_session_15.png
g,15,16,"1,2,3,4,5,6,7,8,9,10,11,12,13,14,15,16",/Users/jimmy2/Downloads/tran_key_frames/frames/g/frame_15_session_16.png
g,16,17,"1,2,3,4,5,6,7,8,9,10,11,12,13,14,15,16,17",/Users/jimmy2/Downloads/tran_key_frames/frames/g/frame_16_session_17.png
g,17,18,"1,2,3,4,5,6,7,8,9,10,11,12,13,14,15,16,17,18",/Users/jimmy2/Downloads/tran_key_frames/frames/g/frame_17_session_18.png
g,18,19,"1,2,3,4,5,6,7,8,9,10,11,12,13,14,15,16,17,18,19",/Users/jimmy2/Downloads/tran_key_frames/frames/g/frame_18_session_19.png
g,19,20,"1,2,3,4,5,6,7,8,9,10,11,12,13,14,15,16,17,18,19,20",/Users/jimmy2/Downloads/tran_key_frames/frames/g/frame_19_session_20.png
g,20,21,"1,2,3,4,5,6,7,8,9,10,11,12,13,14,15,16,17,18,19,20,21",/Users/jimmy2/Downloads/tran_key_frames/frames/g/frame_20_session_21.png
g,21,22,"1,2,3,4,5,6,7,8,9,10,11,12,13,14,15,16,17,18,19,20,21,22",/Users/jimmy2/Downloads/tran_key_frames/frames/g/frame_21_session_22.png
g,22,23,"1,2,3,4,5,6,7,8,9,10,11,12,13,14,15,16,17,18,19,20,21,22,23",/Users/jimmy2/Downloads/tran_key_frames/frames/g/frame_22_session_23.png
g,23,24,"1,2,3,4,5,6,7,8,9,10,11,12,13,14,15,16,17,18,19,20,21,22,23,24",/Users/jimmy2/Downloads/tran_key_frames/frames/g/frame_23_session_24.png
g,24,25,"1,2,3,4,5,6,7,8,9,10,11,12,13,14,15,16,17,18,19,20,21,22,23,24,25",/Users/jimmy2/Downloads/tran_key_frames/frames/g/frame_24_session_25.png
h,0,1,1,/Users/jimmy2/Downloads/tran_key_frames/frames/h/frame_00_session_01.png
h,1,2,"1,2",/Users/jimmy2/Downloads/tran_key_frames/frames/h/frame_01_session_02.png
h,2,3,"1,2,3",/Users/jimmy2/Downloads/tran_key_frames/frames/h/frame_02_session_03.png
h,3,4,"1,2,3,4",/Users/jimmy2/Downloads/tran_key_frames/frames/h/frame_03_session_04.png
h,4,5,"1,2,3,4,5",/Users/jimmy2/Downloads/tran_key_frames/frames/h/frame_04_session_05.png
h,5,6,"1,2,3,4,5,6",/Users/jimmy2/Downloads/tran_key_frames/frames/h/frame_05_session_06.png
h,6,7,"1,2,3,4,5,6,7",/Users/jimmy2/Downloads/tran_key_frames/frames/h/frame_06_session_07.png
h,7,8,"1,2,3,4,5,6,7,8",/Users/jimmy2/Downloads/tran_key_frames/frames/h/frame_07_session_08.png
h,8,9,"1,2,3,4,5,6,7,8,9",/Users/jimmy2/Downloads/tran_key_frames/frames/h/frame_08_session_09.png
h,9,10,"1,2,3,4,5,6,7,8,9,10",/Users/jimmy2/Downloads/tran_key_frames/frames/h/frame_09_session_10.png
h,10,11,"1,2,3,4,5,6,7,8,9,10,11",/Users/jimmy2/Downloads/tran_key_frames/frames/h/frame_10_session_11.png
h,11,12,"1,2,3,4,5,6,7,8,9,10,11,12",/Users/jimmy2/Downloads/tran_key_frames/frames/h/frame_11_session_12.png
h,12,13,"1,2,3,4,5,6,7,8,9,10,11,12,13",/Users/jimmy2/Downloads/tran_key_frames/frames/h/frame_12_session_13.png
h,13,14,"1,2,3,4,5,6,7,8,9,10,11,12,13,14",/Users/jimmy2/Downloads/tran_key_frames/frames/h/frame_13_session_14.png
h,14,15,"1,2,3,4,5,6,7,8,9,10,11,12,13,14,15",/Users/jimmy2/Downloads/tran_key_frames/frames/h/frame_14_session_15.png
h,15,16,"1,2,3,4,5,6,7,8,9,10,11,12,13,14,15,16",/Users/jimmy2/Downloads/tran_key_frames/frames/h/frame_15_session_16.png
h,16,17,"1,2,3,4,5,6,7,8,9,10,11,12,13,14,15,16,17",/Users/jimmy2/Downloads/tran_key_frames/frames/h/frame_16_session_17.png
h,17,18,"1,2,3,4,5,6,7,8,9,10,11,12,13,14,15,16,17,18",/Users/jimmy2/Downloads/tran_key_frames/frames/h/frame_17_session_18.png
h,18,19,"1,2,3,4,5,6,7,8,9,10,11,12,13,14,15,16,17,18,19",/Users/jimmy2/Downloads/tran_key_frames/frames/h/frame_18_session_19.png
h,19,20,"1,2,3,4,5,6,7,8,9,10,11,12,13,14,15,16,17,18,19,20",/Users/jimmy2/Downloads/tran_key_frames/frames/h/frame_19_session_20.png
h,20,21,"1,2,3,4,5,6,7,8,9,10,11,12,13,14,15,16,17,18,19,20,21",/Users/jimmy2/Downloads/tran_key_frames/frames/h/frame_20_session_21.png
h,21,22,"1,2,3,4,5,6,7,8,9,10,11,12,13,14,15,16,17,18,19,20,21,22",/Users/jimmy2/Downloads/tran_key_frames/frames/h/frame_21_session_22.png
h,22,23,"1,2,3,4,5,6,7,8,9,10,11,12,13,14,15,16,17,18,19,20,21,22,23",/Users/jimmy2/Downloads/tran_key_frames/frames/h/frame_22_session_23.png
h,23,24,"1,2,3,4,5,6,7,8,9,10,11,12,13,14,15,16,17,18,19,20,21,22,23,24",/Users/jimmy2/Downloads/tran_key_frames/frames/h/frame_23_session_24.png
h,24,25,"1,2,3,4,5,6,7,8,9,10,11,12,13,14,15,16,17,18,19,20,21,22,23,24,25",/Users/jimmy2/Downloads/tran_key_frames/frames/h/frame_24_session_25.png
j,0,1,1,/Users/jimmy2/Downloads/tran_key_frames/frames/j/frame_00_session_01.png
j,1,2,"1,2",/Users/jimmy2/Downloads/tran_key_frames/frames/j/frame_01_session_02.png
j,2,3,"1,2,3",/Users/jimmy2/Downloads/tran_key_frames/frames/j/frame_02_session_03.png
j,3,4,"1,2,3,4",/Users/jimmy2/Downloads/tran_key_frames/frames/j/frame_03_session_04.png
j,4,5,"1,2,3,4,5",/Users/jimmy2/Downloads/tran_key_frames/frames/j/frame_04_session_05.png
j,5,6,"1,2,3,4,5,6",/Users/jimmy2/Downloads/tran_key_frames/frames/j/frame_05_session_06.png
j,6,7,"1,2,3,4,5,6,7",/Users/jimmy2/Downloads/tran_key_frames/frames/j/frame_06_session_07.png
j,7,8,"1,2,3,4,5,6,7,8",/Users/jimmy2/Downloads/tran_key_frames/frames/j/frame_07_session_08.png
j,8,9,"1,2,3,4,5,6,7,8,9",/Users/jimmy2/Downloads/tran_key_frames/frames/j/frame_08_session_09.png
j,9,10,"1,2,3,4,5,6,7,8,9,10",/Users/jimmy2/Downloads/tran_key_frames/frames/j/frame_09_session_10.png
j,10,11,"1,2,3,4,5,6,7,8,9,10,11",/Users/jimmy2/Downloads/tran_key_frames/frames/j/frame_10_session_11.png
j,11,12,"1,2,3,4,5,6,7,8,9,10,11,12",/Users/jimmy2/Downloads/tran_key_frames/frames/j/frame_11_session_12.png
j,12,13,"1,2,3,4,5,6,7,8,9,10,11,12,13",/Users/jimmy2/Downloads/tran_key_frames/frames/j/frame_12_session_13.png
j,13,14,"1,2,3,4,5,6,7,8,9,10,11,12,13,14",/Users/jimmy2/Downloads/tran_key_frames/frames/j/frame_13_session_14.png
j,14,15,"1,2,3,4,5,6,7,8,9,10,11,12,13,14,15",/Users/jimmy2/Downloads/tran_key_frames/frames/j/frame_14_session_15.png
j,15,16,"1,2,3,4,5,6,7,8,9,10,11,12,13,14,15,16",/Users/jimmy2/Downloads/tran_key_frames/frames/j/frame_15_session_16.png
j,16,17,"1,2,3,4,5,6,7,8,9,10,11,12,13,14,15,16,17",/Users/jimmy2/Downloads/tran_key_frames/frames/j/frame_16_session_17.png
j,17,18,"1,2,3,4,5,6,7,8,9,10,11,12,13,14,15,16,17,18",/Users/jimmy2/Downloads/tran_key_frames/frames/j/frame_17_session_18.png
j,18,19,"1,2,3,4,5,6,7,8,9,10,11,12,13,14,15,16,17,18,19",/Users/jimmy2/Downloads/tran_key_frames/frames/j/frame_18_session_19.png
j,19,20,"1,2,3,4,5,6,7,8,9,10,11,12,13,14,15,16,17,18,19,20",/Users/jimmy2/Downloads/tran_key_frames/frames/j/frame_19_session_20.png
j,20,21,"1,2,3,4,5,6,7,8,9,10,11,12,13,14,15,16,17,18,19,20,21",/Users/jimmy2/Downloads/tran_key_frames/frames/j/frame_20_session_21.png
j,21,22,"1,2,3,4,5,6,7,8,9,10,11,12,13,14,15,16,17,18,19,20,21,22",/Users/jimmy2/Downloads/tran_key_frames/frames/j/frame_21_session_22.png
j,22,23,"1,2,3,4,5,6,7,8,9,10,11,12,13,14,15,16,17,18,19,20,21,22,23",/Users/jimmy2/Downloads/tran_key_frames/frames/j/frame_22_session_23.png
j,23,24,"1,2,3,4,5,6,7,8,9,10,11,12,13,14,15,16,17,18,19,20,21,22,23,24",/Users/jimmy2/Downloads/tran_key_frames/frames/j/frame_23_session_24.png
j,24,25,"1,2,3,4,5,6,7,8,9,10,11,12,13,14,15,16,17,18,19,20,21,22,23,24,25",/Users/jimmy2/Downloads/tran_key_frames/frames/j/frame_24_session_25.png
k,0,1,1,/Users/jimmy2/Downloads/tran_key_frames/frames/k/frame_00_session_01.png
k,1,2,"1,2",/Users/jimmy2/Downloads/tran_key_frames/frames/k/frame_01_session_02.png
k,2,3,"1,2,3",/Users/jimmy2/Downloads/tran_key_frames/frames/k/frame_02_session_03.png
k,3,4,"1,2,3,4",/Users/jimmy2/Downloads/tran_key_frames/frames/k/frame_03_session_04.png
k,4,5,"1,2,3,4,5",/Users/jimmy2/Downloads/tran_key_frames/frames/k/frame_04_session_05.png
k,5,6,"1,2,3,4,5,6",/Users/jimmy2/Downloads/tran_key_frames/frames/k/frame_05_session_06.png
k,6,7,"1,2,3,4,5,6,7",/Users/jimmy2/Downloads/tran_key_frames/frames/k/frame_06_session_07.png
k,7,8,"1,2,3,4,5,6,7,8",/Users/jimmy2/Downloads/tran_key_frames/frames/k/frame_07_session_08.png
k,8,9,"1,2,3,4,5,6,7,8,9",/Users/jimmy2/Downloads/tran_key_frames/frames/k/frame_08_session_09.png
k,9,10,"1,2,3,4,5,6,7,8,9,10",/Users/jimmy2/Downloads/tran_key_frames/frames/k/frame_09_session_10.png
k,10,11,"1,2,3,4,5,6,7,8,9,10,11",/Users/jimmy2/Downloads/tran_key_frames/frames/k/frame_10_session_11.png
k,11,12,"1,2,3,4,5,6,7,8,9,10,11,12",/Users/jimmy2/Downloads/tran_key_frames/frames/k/frame_11_session_12.png
k,12,13,"1,2,3,4,5,6,7,8,9,10,11,12,13",/Users/jimmy2/Downloads/tran_key_frames/frames/k/frame_12_session_13.png
k,13,14,"1,2,3,4,5,6,7,8,9,10,11,12,13,14",/Users/jimmy2/Downloads/tran_key_frames/frames/k/frame_13_session_14.png
k,14,15,"1,2,3,4,5,6,7,8,9,10,11,12,13,14,15",/Users/jimmy2/Downloads/tran_key_frames/frames/k/frame_14_session_15.png
k,15,16,"1,2,3,4,5,6,7,8,9,10,11,12,13,14,15,16",/Users/jimmy2/Downloads/tran_key_frames/frames/k/frame_15_session_16.png
k,16,17,"1,2,3,4,5,6,7,8,9,10,11,12,13,14,15,16,17",/Users/jimmy2/Downloads/tran_key_frames/frames/k/frame_16_session_17.png
k,17,18,"1,2,3,4,5,6,7,8,9,10,11,12,13,14,15,16,17,18",/Users/jimmy2/Downloads/tran_key_frames/frames/k/frame_17_session_18.png
k,18,19,"1,2,3,4,5,6,7,8,9,10,11,12,13,14,15,16,17,18,19",/Users/jimmy2/Downloads/tran_key_frames/frames/k/frame_18_session_19.png
k,19,20,"1,2,3,4,5,6,7,8,9,10,11,12,13,14,15,16,17,18,19,20",/Users/jimmy2/Downloads/tran_key_frames/frames/k/frame_19_session_20.png
k,20,21,"1,2,3,4,5,6,7,8,9,10,11,12,13,14,15,16,17,18,19,20,21",/Users/jimmy2/Downloads/tran_key_frames/frames/k/frame_20_session_21.png
k,21,22,"1,2,3,4,5,6,7,8,9,10,11,12,13,14,15,16,17,18,19,20,21,22",/Users/jimmy2/Downloads/tran_key_frames/frames/k/frame_21_session_22.png
k,22,23,"1,2,3,4,5,6,7,8,9,10,11,12,13,14,15,16,17,18,19,20,21,22,23",/Users/jimmy2/Downloads/tran_key_frames/frames/k/frame_22_session_23.png
k,23,24,"1,2,3,4,5,6,7,8,9,10,11,12,13,14,15,16,17,18,19,20,21,22,23,24",/Users/jimmy2/Downloads/tran_key_frames/frames/k/frame_23_session_24.png
k,24,25,"1,2,3,4,5,6,7,8,9,10,11,12,13,14,15,16,17,18,19,20,21,22,23,24,25",/Users/jimmy2/Downloads/tran_key_frames/frames/k/frame_24_session_25.png
l,0,1,1,/Users/jimmy2/Downloads/tran_key_frames/frames/l/frame_00_session_01.png
l,1,2,"1,2",/Users/jimmy2/Downloads/tran_key_frames/frames/l/frame_01_session_02.png
l,2,3,"1,2,3",/Users/jimmy2/Downloads/tran_key_frames/frames/l/frame_02_session_03.png
l,3,4,"1,2,3,4",/Users/jimmy2/Downloads/tran_key_frames/frames/l/frame_03_session_04.png
l,4,5,"1,2,3,4,5",/Users/jimmy2/Downloads/tran_key_frames/frames/l/frame_04_session_05.png
l,5,6,"1,2,3,4,5,6",/Users/jimmy2/Downloads/tran_key_frames/frames/l/frame_05_session_06.png
l,6,7,"1,2,3,4,5,6,7",/Users/jimmy2/Downloads/tran_key_frames/frames/l/frame_06_session_07.png
l,7,8,"1,2,3,4,5,6,7,8",/Users/jimmy2/Downloads/tran_key_frames/frames/l/frame_07_session_08.png
l,8,9,"1,2,3,4,5,6,7,8,9",/Users/jimmy2/Downloads/tran_key_frames/frames/l/frame_08_session_09.png
l,9,10,"1,2,3,4,5,6,7,8,9,10",/Users/jimmy2/Downloads/tran_key_frames/frames/l/frame_09_session_10.png
l,10,11,"1,2,3,4,5,6,7,8,9,10,11",/Users/jimmy2/Downloads/tran_key_frames/frames/l/frame_10_session_11.png
l,11,12,"1,2,3,4,5,6,7,8,9,10,11,12",/Users/jimmy2/Downloads/tran_key_frames/frames/l/frame_11_session_12.png
l,12,13,"1,2,3,4,5,6,7,8,9,10,11,12,13",/Users/jimmy2/Downloads/tran_key_frames/frames/l/frame_12_session_13.png
l,13,14,"1,2,3,4,5,6,7,8,9,10,11,12,13,14",/Users/jimmy2/Downloads/tran_key_frames/frames/l/frame_13_session_14.png
l,14,15,"1,2,3,4,5,6,7,8,9,10,11,12,13,14,15",/Users/jimmy2/Downloads/tran_key_frames/frames/l/frame_14_session_15.png
l,15,16,"1,2,3,4,5,6,7,8,9,10,11,12,13,14,15,16",/Users/jimmy2/Downloads/tran_key_frames/frames/l/frame_15_session_16.png
l,16,17,"1,2,3,4,5,6,7,8,9,10,11,12,13,14,15,16,17",/Users/jimmy2/Downloads/tran_key_frames/frames/l/frame_16_session_17.png
l,17,18,"1,2,3,4,5,6,7,8,9,10,11,12,13,14,15,16,17,18",/Users/jimmy2/Downloads/tran_key_frames/frames/l/frame_17_session_18.png
l,18,19,"1,2,3,4,5,6,7,8,9,10,11,12,13,14,15,16,17,18,19",/Users/jimmy2/Downloads/tran_key_frames/frames/l/frame_18_session_19.png
l,19,20,"1,2,3,4,5,6,7,8,9,10,11,12,13,14,15,16,17,18,19,20",/Users/jimmy2/Downloads/tran_key_frames/frames/l/frame_19_session_20.png
l,20,21,"1,2,3,4,5,6,7,8,9,10,11,12,13,14,15,16,17,18,19,20,21",/Users/jimmy2/Downloads/tran_key_frames/frames/l/frame_20_session_21.png
l,21,22,"1,2,3,4,5,6,7,8,9,10,11,12,13,14,15,16,17,18,19,20,21,22",/Users/jimmy2/Downloads/tran_key_frames/frames/l/frame_21_session_22.png
l,22,23,"1,2,3,4,5,6,7,8,9,10,11,12,13,14,15,16,17,18,19,20,21,22,23",/Users/jimmy2/Downloads/tran_key_frames/frames/l/frame_22_session_23.png
l,23,24,"1,2,3,4,5,6,7,8,9,10,11,12,13,14,15,16,17,18,19,20,21,22,23,24",/Users/jimmy2/Downloads/tran_key_frames/frames/l/frame_23_session_24.png
l,24,25,"1,2,3,4,5,6,7,8,9,10,11,12,13,14,15,16,17,18,19,20,21,22,23,24,25",/Users/jimmy2/Downloads/tran_key_frames/frames/l/frame_24_session_25.png
z,0,1,1,/Users/jimmy2/Downloads/tran_key_frames/frames/z/frame_00_session_01.png
z,1,2,"1,2",/Users/jimmy2/Downloads/tran_key_frames/frames/z/frame_01_session_02.png
z,2,3,"1,2,3",/Users/jimmy2/Downloads/tran_key_frames/frames/z/frame_02_session_03.png
z,3,4,"1,2,3,4",/Users/jimmy2/Downloads/tran_key_frames/frames/z/frame_03_session_04.png
z,4,5,"1,2,3,4,5",/Users/jimmy2/Downloads/tran_key_frames/frames/z/frame_04_session_05.png
z,5,6,"1,2,3,4,5,6",/Users/jimmy2/Downloads/tran_key_frames/frames/z/frame_05_session_06.png
z,6,7,"1,2,3,4,5,6,7",/Users/jimmy2/Downloads/tran_key_frames/frames/z/frame_06_session_07.png
z,7,8,"1,2,3,4,5,6,7,8",/Users/jimmy2/Downloads/tran_key_frames/frames/z/frame_07_session_08.png
z,8,9,"1,2,3,4,5,6,7,8,9",/Users/jimmy2/Downloads/tran_key_frames/frames/z/frame_08_session_09.png
z,9,10,"1,2,3,4,5,6,7,8,9,10",/Users/jimmy2/Downloads/tran_key_frames/frames/z/frame_09_session_10.png
z,10,11,"1,2,3,4,5,6,7,8,9,10,11",/Users/jimmy2/Downloads/tran_key_frames/frames/z/frame_10_session_11.png
z,11,12,"1,2,3,4,5,6,7,8,9,10,11,12",/Users/jimmy2/Downloads/tran_key_frames/frames/z/frame_11_session_12.png
z,12,13,"1,2,3,4,5,6,7,8,9,10,11,12,13",/Users/jimmy2/Downloads/tran_key_frames/frames/z/frame_12_session_13.png
z,13,14,"1,2,3,4,5,6,7,8,9,10,11,12,13,14",/Users/jimmy2/Downloads/tran_key_frames/frames/z/frame_13_session_14.png
z,14,15,"1,2,3,4,5,6,7,8,9,10,11,12,13,14,15",/Users/jimmy2/Downloads/tran_key_frames/frames/z/frame_14_session_15.png
z,15,16,"1,2,3,4,5,6,7,8,9,10,11,12,13,14,15,16",/Users/jimmy2/Downloads/tran_key_frames/frames/z/frame_15_session_16.png
z,16,17,"1,2,3,4,5,6,7,8,9,10,11,12,13,14,15,16,17",/Users/jimmy2/Downloads/tran_key_frames/frames/z/frame_16_session_17.png
z,17,18,"1,2,3,4,5,6,7,8,9,10,11,12,13,14,15,16,17,18",/Users/jimmy2/Downloads/tran_key_frames/frames/z/frame_17_session_18.png
z,18,19,"1,2,3,4,5,6,7,8,9,10,11,12,13,14,15,16,17,18,19",/Users/jimmy2/Downloads/tran_key_frames/frames/z/frame_18_session_19.png
z,19,20,"1,2,3,4,5,6,7,8,9,10,11,12,13,14,15,16,17,18,19,20",/Users/jimmy2/Downloads/tran_key_frames/frames/z/frame_19_session_20.png
z,20,21,"1,2,3,4,5,6,7,8,9,10,11,12,13,14,15,16,17,18,19,20,21",/Users/jimmy2/Downloads/tran_key_frames/frames/z/frame_20_session_21.png
z,21,22,"1,2,3,4,5,6,7,8,9,10,11,12,13,14,15,16,17,18,19,20,21,22",/Users/jimmy2/Downloads/tran_key_frames/frames/z/frame_21_session_22.png
z,22,23,"1,2,3,4,5,6,7,8,9,10,11,12,13,14,15,16,17,18,19,20,21,22,23",/Users/jimmy2/Downloads/tran_key_frames/frames/z/frame_22_session_23.png
z,23,24,"1,2,3,4,5,6,7,8,9,10,11,12,13,14,15,16,17,18,19,20,21,22,23,24",/Users/jimmy2/Downloads/tran_key_frames/frames/z/frame_23_session_24.png
z,24,25,"1,2,3,4,5,6,7,8,9,10,11,12,13,14,15,16,17,18,19,20,21,22,23,24,25",/Users/jimmy2/Downloads/tran_key_frames/frames/z/frame_24_session_25.png
x,0,1,1,/Users/jimmy2/Downloads/tran_key_frames/frames/x/frame_00_session_01.png
x,1,2,"1,2",/Users/jimmy2/Downloads/tran_key_frames/frames/x/frame_01_session_02.png
x,2,3,"1,2,3",/Users/jimmy2/Downloads/tran_key_frames/frames/x/frame_02_session_03.png
x,3,4,"1,2,3,4",/Users/jimmy2/Downloads/tran_key_frames/frames/x/frame_03_session_04.png
x,4,5,"1,2,3,4,5",/Users/jimmy2/Downloads/tran_key_frames/frames/x/frame_04_session_05.png
x,5,6,"1,2,3,4,5,6",/Users/jimmy2/Downloads/tran_key_frames/frames/x/frame_05_session_06.png
x,6,7,"1,2,3,4,5,6,7",/Users/jimmy2/Downloads/tran_key_frames/frames/x/frame_06_session_07.png
x,7,8,"1,2,3,4,5,6,7,8",/Users/jimmy2/Downloads/tran_key_frames/frames/x/frame_07_session_08.png
x,8,9,"1,2,3,4,5,6,7,8,9",/Users/jimmy2/Downloads/tran_key_frames/frames/x/frame_08_session_09.png
x,9,10,"1,2,3,4,5,6,7,8,9,10",/Users/jimmy2/Downloads/tran_key_frames/frames/x/frame_09_session_10.png
x,10,11,"1,2,3,4,5,6,7,8,9,10,11",/Users/jimmy2/Downloads/tran_key_frames/frames/x/frame_10_session_11.png
x,11,12,"1,2,3,4,5,6,7,8,9,10,11,12",/Users/jimmy2/Downloads/tran_key_frames/frames/x/frame_11_session_12.png
x,12,13,"1,2,3,4,5,6,7,8,9,10,11,12,13",/Users/jimmy2/Downloads/tran_key_frames/frames/x/frame_12_session_13.png
x,13,14,"1,2,3,4,5,6,7,8,9,10,11,12,13,14",/Users/jimmy2/Downloads/tran_key_frames/frames/x/frame_13_session_14.png
x,14,15,"1,2,3,4,5,6,7,8,9,10,11,12,13,14,15",/Users/jimmy2/Downloads/tran_key_frames/frames/x/frame_14_session_15.png
x,15,16,"1,2,3,4,5,6,7,8,9,10,11,12,13,14,15,16",/Users/jimmy2/Downloads/tran_key_frames/frames/x/frame_15_session_16.png
x,16,17,"1,2,3,4,5,6,7,8,9,10,11,12,13,14,15,16,17",/Users/jimmy2/Downloads/tran_key_frames/frames/x/frame_16_session_17.png
x,17,18,"1,2,3,4,5,6,7,8,9,10,11,12,13,14,15,16,17,18",/Users/jimmy2/Downloads/tran_key_frames/frames/x/frame_17_session_18.png
x,18,19,"1,2,3,4,5,6,7,8,9,10,11,12,13,14,15,16,17,18,19",/Users/jimmy2/Downloads/tran_key_frames/frames/x/frame_18_session_19.png
x,19,20,"1,2,3,4,5,6,7,8,9,10,11,12,13,14,15,16,17,18,19,20",/Users/jimmy2/Downloads/tran_key_frames/frames/x/frame_19_session_20.png
x,20,21,"1,2,3,4,5,6,7,8,9,10,11,12,13,14,15,16,17,18,19,20,21",/Users/jimmy2/Downloads/tran_key_frames/frames/x/frame_20_session_21.png
x,21,22,"1,2,3,4,5,6,7,8,9,10,11,12,13,14,15,16,17,18,19,20,21,22",/Users/jimmy2/Downloads/tran_key_frames/frames/x/frame_21_session_22.png
x,22,23,"1,2,3,4,5,6,7,8,9,10,11,12,13,14,15,16,17,18,19,20,21,22,23",/Users/jimmy2/Downloads/tran_key_frames/frames/x/frame_22_session_23.png
x,23,24,"1,2,3,4,5,6,7,8,9,10,11,12,13,14,15,16,17,18,19,20,21,22,23,24",/Users/jimmy2/Downloads/tran_key_frames/frames/x/frame_23_session_24.png
x,24,25,"1,2,3,4,5,6,7,8,9,10,11,12,13,14,15,16,17,18,19,20,21,22,23,24,25",/Users/jimmy2/Downloads/tran_key_frames/frames/x/frame_24_session_25.png
c,0,1,1,/Users/jimmy2/Downloads/tran_key_frames/frames/c/frame_00_session_01.png
c,1,2,"1,2",/Users/jimmy2/Downloads/tran_key_frames/frames/c/frame_01_session_02.png
c,2,3,"1,2,3",/Users/jimmy2/Downloads/tran_key_frames/frames/c/frame_02_session_03.png
c,3,4,"1,2,3,4",/Users/jimmy2/Downloads/tran_key_frames/frames/c/frame_03_session_04.png
c,4,5,"1,2,3,4,5",/Users/jimmy2/Downloads/tran_key_frames/frames/c/frame_04_session_05.png
c,5,6,"1,2,3,4,5,6",/Users/jimmy2/Downloads/tran_key_frames/frames/c/frame_05_session_06.png
c,6,7,"1,2,3,4,5,6,7",/Users/jimmy2/Downloads/tran_key_frames/frames/c/frame_06_session_07.png
c,7,8,"1,2,3,4,5,6,7,8",/Users/jimmy2/Downloads/tran_key_frames/frames/c/frame_07_session_08.png
c,8,9,"1,2,3,4,5,6,7,8,9",/Users/jimmy2/Downloads/tran_key_frames/frames/c/frame_08_session_09.png
c,9,10,"1,2,3,4,5,6,7,8,9,10",/Users/jimmy2/Downloads/tran_key_frames/frames/c/frame_09_session_10.png
c,10,11,"1,2,3,4,5,6,7,8,9,10,11",/Users/jimmy2/Downloads/tran_key_frames/frames/c/frame_10_session_11.png
c,11,12,"1,2,3,4,5,6,7,8,9,10,11,12",/Users/jimmy2/Downloads/tran_key_frames/frames/c/frame_11_session_12.png
c,12,13,"1,2,3,4,5,6,7,8,9,10,11,12,13",/Users/jimmy2/Downloads/tran_key_frames/frames/c/frame_12_session_13.png
c,13,14,"1,2,3,4,5,6,7,8,9,10,11,12,13,14",/Users/jimmy2/Downloads/tran_key_frames/frames/c/frame_13_session_14.png
c,14,15,"1,2,3,4,5,6,7,8,9,10,11,12,13,14,15",/Users/jimmy2/Downloads/tran_key_frames/frames/c/frame_14_session_15.png
c,15,16,"1,2,3,4,5,6,7,8,9,10,11,12,13,14,15,16",/Users/jimmy2/Downloads/tran_key_frames/frames/c/frame_15_session_16.png
c,16,17,"1,2,3,4,5,6,7,8,9,10,11,12,13,14,15,16,17",/Users/jimmy2/Downloads/tran_key_frames/frames/c/frame_16_session_17.png
c,17,18,"1,2,3,4,5,6,7,8,9,10,11,12,13,14,15,16,17,18",/Users/jimmy2/Downloads/tran_key_frames/frames/c/frame_17_session_18.png
c,18,19,"1,2,3,4,5,6,7,8,9,10,11,12,13,14,15,16,17,18,19",/Users/jimmy2/Downloads/tran_key_frames/frames/c/frame_18_session_19.png
c,19,20,"1,2,3,4,5,6,7,8,9,10,11,12,13,14,15,16,17,18,19,20",/Users/jimmy2/Downloads/tran_key_frames/frames/c/frame_19_session_20.png
c,20,21,"1,2,3,4,5,6,7,8,9,10,11,12,13,14,15,16,17,18,19,20,21",/Users/jimmy2/Downloads/tran_key_frames/frames/c/frame_20_session_21.png
c,21,22,"1,2,3,4,5,6,7,8,9,10,11,12,13,14,15,16,17,18,19,20,21,22",/Users/jimmy2/Downloads/tran_key_frames/frames/c/frame_21_session_22.png
c,22,23,"1,2,3,4,5,6,7,8,9,10,11,12,13,14,15,16,17,18,19,20,21,22,23",/Users/jimmy2/Downloads/tran_key_frames/frames/c/frame_22_session_23.png
c,23,24,"1,2,3,4,5,6,7,8,9,10,11,12,13,14,15,16,17,18,19,20,21,22,23,24",/Users/jimmy2/Downloads/tran_key_frames/frames/c/frame_23_session_24.png
c,24,25,"1,2,3,4,5,6,7,8,9,10,11,12,13,14,15,16,17,18,19,20,21,22,23,24,25",/Users/jimmy2/Downloads/tran_key_frames/frames/c/frame_24_session_25.png
v,0,1,1,/Users/jimmy2/Downloads/tran_key_frames/frames/v/frame_00_session_01.png
v,1,2,"1,2",/Users/jimmy2/Downloads/tran_key_frames/frames/v/frame_01_session_02.png
v,2,3,"1,2,3",/Users/jimmy2/Downloads/tran_key_frames/frames/v/frame_02_session_03.png
v,3,4,"1,2,3,4",/Users/jimmy2/Downloads/tran_key_frames/frames/v/frame_03_session_04.png
v,4,5,"1,2,3,4,5",/Users/jimmy2/Downloads/tran_key_frames/frames/v/frame_04_session_05.png
v,5,6,"1,2,3,4,5,6",/Users/jimmy2/Downloads/tran_key_frames/frames/v/frame_05_session_06.png
v,6,7,"1,2,3,4,5,6,7",/Users/jimmy2/Downloads/tran_key_frames/frames/v/frame_06_session_07.png
v,7,8,"1,2,3,4,5,6,7,8",/Users/jimmy2/Downloads/tran_key_frames/frames/v/frame_07_session_08.png
v,8,9,"1,2,3,4,5,6,7,8,9",/Users/jimmy2/Downloads/tran_key_frames/frames/v/frame_08_session_09.png
v,9,10,"1,2,3,4,5,6,7,8,9,10",/Users/jimmy2/Downloads/tran_key_frames/frames/v/frame_09_session_10.png
v,10,11,"1,2,3,4,5,6,7,8,9,10,11",/Users/jimmy2/Downloads/tran_key_frames/frames/v/frame_10_session_11.png
v,11,12,"1,2,3,4,5,6,7,8,9,10,11,12",/Users/jimmy2/Downloads/tran_key_frames/frames/v/frame_11_session_12.png
v,12,13,"1,2,3,4,5,6,7,8,9,10,11,12,13",/Users/jimmy2/Downloads/tran_key_frames/frames/v/frame_12_session_13.png
v,13,14,"1,2,3,4,5,6,7,8,9,10,11,12,13,14",/Users/jimmy2/Downloads/tran_key_frames/frames/v/frame_13_session_14.png
v,14,15,"1,2,3,4,5,6,7,8,9,10,11,12,13,14,15",/Users/jimmy2/Downloads/tran_key_frames/frames/v/frame_14_session_15.png
v,15,16,"1,2,3,4,5,6,7,8,9,10,11,12,13,14,15,16",/Users/jimmy2/Downloads/tran_key_frames/frames/v/frame_15_session_16.png
v,16,17,"1,2,3,4,5,6,7,8,9,10,11,12,13,14,15,16,17",/Users/jimmy2/Downloads/tran_key_frames/frames/v/frame_16_session_17.png
v,17,18,"1,2,3,4,5,6,7,8,9,10,11,12,13,14,15,16,17,18",/Users/jimmy2/Downloads/tran_key_frames/frames/v/frame_17_session_18.png
v,18,19,"1,2,3,4,5,6,7,8,9,10,11,12,13,14,15,16,17,18,19",/Users/jimmy2/Downloads/tran_key_frames/frames/v/frame_18_session_19.png
v,19,20,"1,2,3,4,5,6,7,8,9,10,11,12,13,14,15,16,17,18,19,20",/Users/jimmy2/Downloads/tran_key_frames/frames/v/frame_19_session_20.png
v,20,21,"1,2,3,4,5,6,7,8,9,10,11,12,13,14,15,16,17,18,19,20,21",/Users/jimmy2/Downloads/tran_key_frames/frames/v/frame_20_session_21.png
v,21,22,"1,2,3,4,5,6,7,8,9,10,11,12,13,14,15,16,17,18,19,20,21,22",/Users/jimmy2/Downloads/tran_key_frames/frames/v/frame_21_session_22.png
v,22,23,"1,2,3,4,5,6,7,8,9,10,11,12,13,14,15,16,17,18,19,20,21,22,23",/Users/jimmy2/Downloads/tran_key_frames/frames/v/frame_22_session_23.png
v,23,24,"1,2,3,4,5,6,7,8,9,10,11,12,13,14,15,16,17,18,19,20,21,22,23,24",/Users/jimmy2/Downloads/tran_key_frames/frames/v/frame_23_session_24.png
v,24,25,"1,2,3,4,5,6,7,8,9,10,11,12,13,14,15,16,17,18,19,20,21,22,23,24,25",/Users/jimmy2/Downloads/tran_key_frames/frames/v/frame_24_session_25.png
b,0,1,1,/Users/jimmy2/Downloads/tran_key_frames/frames/b/frame_00_session_01.png
b,1,2,"1,2",/Users/jimmy2/Downloads/tran_key_frames/frames/b/frame_01_session_02.png
b,2,3,"1,2,3",/Users/jimmy2/Downloads/tran_key_frames/frames/b/frame_02_session_03.png
b,3,4,"1,2,3,4",/Users/jimmy2/Downloads/tran_key_frames/frames/b/frame_03_session_04.png
b,4,5,"1,2,3,4,5",/Users/jimmy2/Downloads/tran_key_frames/frames/b/frame_04_session_05.png
b,5,6,"1,2,3,4,5,6",/Users/jimmy2/Downloads/tran_key_frames/frames/b/frame_05_session_06.png
b,6,7,"1,2,3,4,5,6,7",/Users/jimmy2/Downloads/tran_key_frames/frames/b/frame_06_session_07.png
b,7,8,"1,2,3,4,5,6,7,8",/Users/jimmy2/Downloads/tran_key_frames/frames/b/frame_07_session_08.png
b,8,9,"1,2,3,4,5,6,7,8,9",/Users/jimmy2/Downloads/tran_key_frames/frames/b/frame_08_session_09.png
b,9,10,"1,2,3,4,5,6,7,8,9,10",/Users/jimmy2/Downloads/tran_key_frames/frames/b/frame_09_session_10.png
b,10,11,"1,2,3,4,5,6,7,8,9,10,11",/Users/jimmy2/Downloads/tran_key_frames/frames/b/frame_10_session_11.png
b,11,12,"1,2,3,4,5,6,7,8,9,10,11,12",/Users/jimmy2/Downloads/tran_key_frames/frames/b/frame_11_session_12.png
b,12,13,"1,2,3,4,5,6,7,8,9,10,11,12,13",/Users/jimmy2/Downloads/tran_key_frames/frames/b/frame_12_session_13.png
b,13,14,"1,2,3,4,5,6,7,8,9,10,11,12,13,14",/Users/jimmy2/Downloads/tran_key_frames/frames/b/frame_13_session_14.png
b,14,15,"1,2,3,4,5,6,7,8,9,10,11,12,13,14,15",/Users/jimmy2/Downloads/tran_key_frames/frames/b/frame_14_session_15.png
b,15,16,"1,2,3,4,5,6,7,8,9,10,11,12,13,14,15,16",/Users/jimmy2/Downloads/tran_key_frames/frames/b/frame_15_session_16.png
b,16,17,"1,2,3,4,5,6,7,8,9,10,11,12,13,14,15,16,17",/Users/jimmy2/Downloads/tran_key_frames/frames/b/frame_16_session_17.png
b,17,18,"1,2,3,4,5,6,7,8,9,10,11,12,13,14,15,16,17,18",/Users/jimmy2/Downloads/tran_key_frames/frames/b/frame_17_session_18.png
b,18,19,"1,2,3,4,5,6,7,8,9,10,11,12,13,14,15,16,17,18,19",/Users/jimmy2/Downloads/tran_key_frames/frames/b/frame_18_session_19.png
b,19,20,"1,2,3,4,5,6,7,8,9,10,11,12,13,14,15,16,17,18,19,20",/Users/jimmy2/Downloads/tran_key_frames/frames/b/frame_19_session_20.png
b,20,21,"1,2,3,4,5,6,7,8,9,10,11,12,13,14,15,16,17,18,19,20,21",/Users/jimmy2/Downloads/tran_key_frames/frames/b/frame_20_session_21.png
b,21,22,"1,2,3,4,5,6,7,8,9,10,11,12,13,14,15,16,17,18,19,20,21,22",/Users/jimmy2/Downloads/tran_key_frames/frames/b/frame_21_session_22.png
b,22,23,"1,2,3,4,5,6,7,8,9,10,11,12,13,14,15,16,17,18,19,20,21,22,23",/Users/jimmy2/Downloads/tran_key_frames/frames/b/frame_22_session_23.png
b,23,24,"1,2,3,4,5,6,7,8,9,10,11,12,13,14,15,16,17,18,19,20,21,22,23,24",/Users/jimmy2/Downloads/tran_key_frames/frames/b/frame_23_session_24.png
b,24,25,"1,2,3,4,5,6,7,8,9,10,11,12,13,14,15,16,17,18,19,20,21,22,23,24,25",/Users/jimmy2/Downloads/tran_key_frames/frames/b/frame_24_session_25.png
n,0,1,1,/Users/jimmy2/Downloads/tran_key_frames/frames/n/frame_00_session_01.png
n,1,2,"1,2",/Users/jimmy2/Downloads/tran_key_frames/frames/n/frame_01_session_02.png
n,2,3,"1,2,3",/Users/jimmy2/Downloads/tran_key_frames/frames/n/frame_02_session_03.png
n,3,4,"1,2,3,4",/Users/jimmy2/Downloads/tran_key_frames/frames/n/frame_03_session_04.png
n,4,5,"1,2,3,4,5",/Users/jimmy2/Downloads/tran_key_frames/frames/n/frame_04_session_05.png
n,5,6,"1,2,3,4,5,6",/Users/jimmy2/Downloads/tran_key_frames/frames/n/frame_05_session_06.png
n,6,7,"1,2,3,4,5,6,7",/Users/jimmy2/Downloads/tran_key_frames/frames/n/frame_06_session_07.png
n,7,8,"1,2,3,4,5,6,7,8",/Users/jimmy2/Downloads/tran_key_frames/frames/n/frame_07_session_08.png
n,8,9,"1,2,3,4,5,6,7,8,9",/Users/jimmy2/Downloads/tran_key_frames/frames/n/frame_08_session_09.png
n,9,10,"1,2,3,4,5,6,7,8,9,10",/Users/jimmy2/Downloads/tran_key_frames/frames/n/frame_09_session_10.png
n,10,11,"1,2,3,4,5,6,7,8,9,10,11",/Users/jimmy2/Downloads/tran_key_frames/frames/n/frame_10_session_11.png
n,11,12,"1,2,3,4,5,6,7,8,9,10,11,12",/Users/jimmy2/Downloads/tran_key_frames/frames/n/frame_11_session_12.png
n,12,13,"1,2,3,4,5,6,7,8,9,10,11,12,13",/Users/jimmy2/Downloads/tran_key_frames/frames/n/frame_12_session_13.png
n,13,14,"1,2,3,4,5,6,7,8,9,10,11,12,13,14",/Users/jimmy2/Downloads/tran_key_frames/frames/n/frame_13_session_14.png
n,14,15,"1,2,3,4,5,6,7,8,9,10,11,12,13,14,15",/Users/jimmy2/Downloads/tran_key_frames/frames/n/frame_14_session_15.png
n,15,16,"1,2,3,4,5,6,7,8,9,10,11,12,13,14,15,16",/Users/jimmy2/Downloads/tran_key_frames/frames/n/frame_15_session_16.png
n,16,17,"1,2,3,4,5,6,7,8,9,10,11,12,13,14,15,16,17",/Users/jimmy2/Downloads/tran_key_frames/frames/n/frame_16_session_17.png
n,17,18,"1,2,3,4,5,6,7,8,9,10,11,12,13,14,15,16,17,18",/Users/jimmy2/Downloads/tran_key_frames/frames/n/frame_17_session_18.png
n,18,19,"1,2,3,4,5,6,7,8,9,10,11,12,13,14,15,16,17,18,19",/Users/jimmy2/Downloads/tran_key_frames/frames/n/frame_18_session_19.png
n,19,20,"1,2,3,4,5,6,7,8,9,10,11,12,13,14,15,16,17,18,19,20",/Users/jimmy2/Downloads/tran_key_frames/frames/n/frame_19_session_20.png
n,20,21,"1,2,3,4,5,6,7,8,9,10,11,12,13,14,15,16,17,18,19,20,21",/Users/jimmy2/Downloads/tran_key_frames/frames/n/frame_20_session_21.png
n,21,22,"1,2,3,4,5,6,7,8,9,10,11,12,13,14,15,16,17,18,19,20,21,22",/Users/jimmy2/Downloads/tran_key_frames/frames/n/frame_21_session_22.png
n,22,23,"1,2,3,4,5,6,7,8,9,10,11,12,13,14,15,16,17,18,19,20,21,22,23",/Users/jimmy2/Downloads/tran_key_frames/frames/n/frame_22_session_23.png
n,23,24,"1,2,3,4,5,6,7,8,9,10,11,12,13,14,15,16,17,18,19,20,21,22,23,24",/Users/jimmy2/Downloads/tran_key_frames/frames/n/frame_23_session_24.png
n,24,25,"1,2,3,4,5,6,7,8,9,10,11,12,13,14,15,16,17,18,19,20,21,22,23,24,25",/Users/jimmy2/Downloads/tran_key_frames/frames/n/frame_24_session_25.png
m,0,1,1,/Users/jimmy2/Downloads/tran_key_frames/frames/m/frame_00_session_01.png
m,1,2,"1,2",/Users/jimmy2/Downloads/tran_key_frames/frames/m/frame_01_session_02.png
m,2,3,"1,2,3",/Users/jimmy2/Downloads/tran_key_frames/frames/m/frame_02_session_03.png
m,3,4,"1,2,3,4",/Users/jimmy2/Downloads/tran_key_frames/frames/m/frame_03_session_04.png
m,4,5,"1,2,3,4,5",/Users/jimmy2/Downloads/tran_key_frames/frames/m/frame_04_session_05.png
m,5,6,"1,2,3,4,5,6",/Users/jimmy2/Downloads/tran_key_frames/frames/m/frame_05_session_06.png
m,6,7,"1,2,3,4,5,6,7",/Users/jimmy2/Downloads/tran_key_frames/frames/m/frame_06_session_07.png
m,7,8,"1,2,3,4,5,6,7,8",/Users/jimmy2/Downloads/tran_key_frames/frames/m/frame_07_session_08.png
m,8,9,"1,2,3,4,5,6,7,8,9",/Users/jimmy2/Downloads/tran_key_frames/frames/m/frame_08_session_09.png
m,9,10,"1,2,3,4,5,6,7,8,9,10",/Users/jimmy2/Downloads/tran_key_frames/frames/m/frame_09_session_10.png
m,10,11,"1,2,3,4,5,6,7,8,9,10,11",/Users/jimmy2/Downloads/tran_key_frames/frames/m/frame_10_session_11.png
m,11,12,"1,2,3,4,5,6,7,8,9,10,11,12",/Users/jimmy2/Downloads/tran_key_frames/frames/m/frame_11_session_12.png
m,12,13,"1,2,3,4,5,6,7,8,9,10,11,12,13",/Users/jimmy2/Downloads/tran_key_frames/frames/m/frame_12_session_13.png
m,13,14,"1,2,3,4,5,6,7,8,9,10,11,12,13,14",/Users/jimmy2/Downloads/tran_key_frames/frames/m/frame_13_session_14.png
m,14,15,"1,2,3,4,5,6,7,8,9,10,11,12,13,14,15",/Users/jimmy2/Downloads/tran_key_frames/frames/m/frame_14_session_15.png
m,15,16,"1,2,3,4,5,6,7,8,9,10,11,12,13,14,15,16",/Users/jimmy2/Downloads/tran_key_frames/frames/m/frame_15_session_16.png
m,16,17,"1,2,3,4,5,6,7,8,9,10,11,12,13,14,15,16,17",/Users/jimmy2/Downloads/tran_key_frames/frames/m/frame_16_session_17.png
m,17,18,"1,2,3,4,5,6,7,8,9,10,11,12,13,14,15,16,17,18",/Users/jimmy2/Downloads/tran_key_frames/frames/m/frame_17_session_18.png
m,18,19,"1,2,3,4,5,6,7,8,9,10,11,12,13,14,15,16,17,18,19",/Users/jimmy2/Downloads/tran_key_frames/frames/m/frame_18_session_19.png
m,19,20,"1,2,3,4,5,6,7,8,9,10,11,12,13,14,15,16,17,18,19,20",/Users/jimmy2/Downloads/tran_key_frames/frames/m/frame_19_session_20.png
m,20,21,"1,2,3,4,5,6,7,8,9,10,11,12,13,14,15,16,17,18,19,20,21",/Users/jimmy2/Downloads/tran_key_frames/frames/m/frame_20_session_21.png
m,21,22,"1,2,3,4,5,6,7,8,9,10,11,12,13,14,15,16,17,18,19,20,21,22",/Users/jimmy2/Downloads/tran_key_frames/frames/m/frame_21_session_22.png
m,22,23,"1,2,3,4,5,6,7,8,9,10,11,12,13,14,15,16,17,18,19,20,21,22,23",/Users/jimmy2/Downloads/tran_key_frames/frames/m/frame_22_session_23.png
m,23,24,"1,2,3,4,5,6,7,8,9,10,11,12,13,14,15,16,17,18,19,20,21,22,23,24",/Users/jimmy2/Downloads/tran_key_frames/frames/m/frame_23_session_24.png
m,24,25,"1,2,3,4,5,6,7,8,9,10,11,12,13,14,15,16,17,18,19,20,21,22,23,24,25",/Users/jimmy2/Downloads/tran_key_frames/frames/m/frame_24_session_25.png
space,0,1,1,/Users/jimmy2/Downloads/tran_key_frames/frames/space/frame_00_session_01.png
space,1,2,"1,2",/Users/jimmy2/Downloads/tran_key_frames/frames/space/frame_01_session_02.png
space,2,3,"1,2,3",/Users/jimmy2/Downloads/tran_key_frames/frames/space/frame_02_session_03.png
space,3,4,"1,2,3,4",/Users/jimmy2/Downloads/tran_key_frames/frames/space/frame_03_session_04.png
space,4,5,"1,2,3,4,5",/Users/jimmy2/Downloads/tran_key_frames/frames/space/frame_04_session_05.png
space,5,6,"1,2,3,4,5,6",/Users/jimmy2/Downloads/tran_key_frames/frames/space/frame_05_session_06.png
space,6,7,"1,2,3,4,5,6,7",/Users/jimmy2/Downloads/tran_key_frames/frames/space/frame_06_session_07.png
space,7,8,"1,2,3,4,5,6,7,8",/Users/jimmy2/Downloads/tran_key_frames/frames/space/frame_07_session_08.png
space,8,9,"1,2,3,4,5,6,7,8,9",/Users/jimmy2/Downloads/tran_key_frames/frames/space/frame_08_session_09.png
space,9,10,"1,2,3,4,5,6,7,8,9,10",/Users/jimmy2/Downloads/tran_key_frames/frames/space/frame_09_session_10.png
space,10,11,"1,2,3,4,5,6,7,8,9,10,11",/Users/jimmy2/Downloads/tran_key_frames/frames/space/frame_10_session_11.png
space,11,12,"1,2,3,4,5,6,7,8,9,10,11,12",/Users/jimmy2/Downloads/tran_key_frames/frames/space/frame_11_session_12.png
space,12,13,"1,2,3,4,5,6,7,8,9,10,11,12,13",/Users/jimmy2/Downloads/tran_key_frames/frames/space/frame_12_session_13.png
space,13,14,"1,2,3,4,5,6,7,8,9,10,11,12,13,14",/Users/jimmy2/Downloads/tran_key_frames/frames/space/frame_13_session_14.png
space,14,15,"1,2,3,4,5,6,7,8,9,10,11,12,13,14,15",/Users/jimmy2/Downloads/tran_key_frames/frames/space/frame_14_session_15.png
space,15,16,"1,2,3,4,5,6,7,8,9,10,11,12,13,14,15,16",/Users/jimmy2/Downloads/tran_key_frames/frames/space/frame_15_session_16.png
space,16,17,"1,2,3,4,5,6,7,8,9,10,11,12,13,14,15,16,17",/Users/jimmy2/Downloads/tran_key_frames/frames/space/frame_16_session_17.png
space,17,18,"1,2,3,4,5,6,7,8,9,10,11,12,13,14,15,16,17,18",/Users/jimmy2/Downloads/tran_key_frames/frames/space/frame_17_session_18.png
space,18,19,"1,2,3,4,5,6,7,8,9,10,11,12,13,14,15,16,17,18,19",/Users/jimmy2/Downloads/tran_key_frames/frames/space/frame_18_session_19.png
space,19,20,"1,2,3,4,5,6,7,8,9,10,11,12,13,14,15,16,17,18,19,20",/Users/jimmy2/Downloads/tran_key_frames/frames/space/frame_19_session_20.png
space,20,21,"1,2,3,4,5,6,7,8,9,10,11,12,13,14,15,16,17,18,19,20,21",/Users/jimmy2/Downloads/tran_key_frames/frames/space/frame_20_session_21.png
space,21,22,"1,2,3,4,5,6,7,8,9,10,11,12,13,14,15,16,17,18,19,20,21,22",/Users/jimmy2/Downloads/tran_key_frames/frames/space/frame_21_session_22.png
space,22,23,"1,2,3,4,5,6,7,8,9,10,11,12,13,14,15,16,17,18,19,20,21,22,23",/Users/jimmy2/Downloads/tran_key_frames/frames/space/frame_22_session_23.png
space,23,24,"1,2,3,4,5,6,7,8,9,10,11,12,13,14,15,16,17,18,19,20,21,22,23,24",/Users/jimmy2/Downloads/tran_key_frames/frames/space/frame_23_session_24.png
space,24,25,"1,2,3,4,5,6,7,8,9,10,11,12,13,14,15,16,17,18,19,20,21,22,23,24,25",/Users/jimmy2/Downloads/tran_key_frames/frames/space/frame_24_session_25.png
delete,0,1,1,/Users/jimmy2/Downloads/tran_key_frames/frames/delete/frame_00_session_01.png
delete,1,2,"1,2",/Users/jimmy2/Downloads/tran_key_frames/frames/delete/frame_01_session_02.png
delete,2,3,"1,2,3",/Users/jimmy2/Downloads/tran_key_frames/frames/delete/frame_02_session_03.png
delete,3,4,"1,2,3,4",/Users/jimmy2/Downloads/tran_key_frames/frames/delete/frame_03_session_04.png
delete,4,5,"1,2,3,4,5",/Users/jimmy2/Downloads/tran_key_frames/frames/delete/frame_04_session_05.png
delete,5,6,"1,2,3,4,5,6",/Users/jimmy2/Downloads/tran_key_frames/frames/delete/frame_05_session_06.png
delete,6,7,"1,2,3,4,5,6,7",/Users/jimmy2/Downloads/tran_key_frames/frames/delete/frame_06_session_07.png
delete,7,8,"1,2,3,4,5,6,7,8",/Users/jimmy2/Downloads/tran_key_frames/frames/delete/frame_07_session_08.png
delete,8,9,"1,2,3,4,5,6,7,8,9",/Users/jimmy2/Downloads/tran_key_frames/frames/delete/frame_08_session_09.png
delete,9,10,"1,2,3,4,5,6,7,8,9,10",/Users/jimmy2/Downloads/tran_key_frames/frames/delete/frame_09_session_10.png
delete,10,11,"1,2,3,4,5,6,7,8,9,10,11",/Users/jimmy2/Downloads/tran_key_frames/frames/delete/frame_10_session_11.png
delete,11,12,"1,2,3,4,5,6,7,8,9,10,11,12",/Users/jimmy2/Downloads/tran_key_frames/frames/delete/frame_11_session_12.png
delete,12,13,"1,2,3,4,5,6,7,8,9,10,11,12,13",/Users/jimmy2/Downloads/tran_key_frames/frames/delete/frame_12_session_13.png
delete,13,14,"1,2,3,4,5,6,7,8,9,10,11,12,13,14",/Users/jimmy2/Downloads/tran_key_frames/frames/delete/frame_13_session_14.png
delete,14,15,"1,2,3,4,5,6,7,8,9,10,11,12,13,14,15",/Users/jimmy2/Downloads/tran_key_frames/frames/delete/frame_14_session_15.png
delete,15,16,"1,2,3,4,5,6,7,8,9,10,11,12,13,14,15,16",/Users/jimmy2/Downloads/tran_key_frames/frames/delete/frame_15_session_16.png
delete,16,17,"1,2,3,4,5,6,7,8,9,10,11,12,13,14,15,16,17",/Users/jimmy2/Downloads/tran_key_frames/frames/delete/frame_16_session_17.png
delete,17,18,"1,2,3,4,5,6,7,8,9,10,11,12,13,14,15,16,17,18",/Users/jimmy2/Downloads/tran_key_frames/frames/delete/frame_17_session_18.png
delete,18,19,"1,2,3,4,5,6,7,8,9,10,11,12,13,14,15,16,17,18,19",/Users/jimmy2/Downloads/tran_key_frames/frames/delete/frame_18_session_19.png
delete,19,20,"1,2,3,4,5,6,7,8,9,10,11,12,13,14,15,16,17,18,19,20",/Users/jimmy2/Downloads/tran_key_frames/frames/delete/frame_19_session_20.png
delete,20,21,"1,2,3,4,5,6,7,8,9,10,11,12,13,14,15,16,17,18,19,20,21",/Users/jimmy2/Downloads/tran_key_frames/frames/delete/frame_20_session_21.png
delete,21,22,"1,2,3,4,5,6,7,8,9,10,11,12,13,14,15,16,17,18,19,20,21,22",/Users/jimmy2/Downloads/tran_key_frames/frames/delete/frame_21_session_22.png
delete,22,23,"1,2,3,4,5,6,7,8,9,10,11,12,13,14,15,16,17,18,19,20,21,22,23",/Users/jimmy2/Downloads/tran_key_frames/frames/delete/frame_22_session_23.png
delete,23,24,"1,2,3,4,5,6,7,8,9,10,11,12,13,14,15,16,17,18,19,20,21,22,23,24",/Users/jimmy2/Downloads/tran_key_frames/frames/delete/frame_23_session_24.png
delete,24,25,"1,2,3,4,5,6,7,8,9,10,11,12,13,14,15,16,17,18,19,20,21,22,23,24,25",/Users/jimmy2/Downloads/tran_key_frames/frames/delete/frame_24_session_25.png
